Распродажа/Прочее/Фонари/,https://www.batiskaf.ru/media/catalog/product/cache/2/small_image/296x296/9df78eab33525d08d6e5fb8d27136e95/1/3/13268.jpg,https://www.batiskaf.ru/fonar-c4.html,Фонарь UK С4 Xenon без батареек,5250руб.,1900,Да,"Это уменьшенная модификация фонаря Sunlight С8. Количество элементов питания уменьшено до 4. В светоотражающем блоке установлены 2 лампы мощности 13.2 Вт для использования с батарейками и в аккумуляторной версии различной мощности 6.6 и 10 Вт. Переключение режимов работы производится при помощи трёхпозиционного переключателя с фиксатором.Мощность: 2x6.6 Вт
Лампа: ксеноновая, большой яркости
Световой поток: 104 Lm
Время работы: 4 часа
Батареи: 4 батареи типа C
"
Распродажа/Подводная охота/Гидрокостюмы для охоты/,https://www.batiskaf.ru/media/catalog/product/cache/2/small_image/296x296/9df78eab33525d08d6e5fb8d27136e95/2/_/2_1_4_1.jpg,https://www.batiskaf.ru/gidrokostjum-dlja-podvodnoj-ohoty-scorpena-c3-3mm-blue-camo.html,Гидрокостюм Scorpena C3 3мм BLUE Camo,17950руб.,SCO1902816,Да,"Вершина линейки гидрокостюмов SCORPENA – модель С в 2017 году полностью обновлена.

"
Распродажа/Подводная охота/Гидрокостюмы для охоты/,https://www.batiskaf.ru/media/catalog/product/cache/2/small_image/296x296/9df78eab33525d08d6e5fb8d27136e95/n/s/ns7a5729_3_1_1_1_2.jpg,https://www.batiskaf.ru/gidrokostjum-dlja-podvodnoj-ohoty-scorpena-redline-3mm-otkrytaja-pora.html,Гидрокостюм Scorpena RedLine 3мм открытая пора,6700руб.,SCO1904310,Да,"После запуска в 2017 году линейки костюмов RedLine большинство начинающих подводных охотников с воодушевлением приняли заложенные в них идеи и технические решения. Но продвинутые охотники, которым предстоит нырять в более прохладную воду, охотиться чуть дольше и двигаться при этом более активно, очень настойчиво просили нас добавить в костюмы линейки RedLine модель с открытой поры изнутри. И постараться сохранить при этом прежнюю бюджетную цену. Весной 2018 года нам это удалось!
"
Распродажа/Подводная охота/Гидрокостюмы для охоты/,https://www.batiskaf.ru/media/catalog/product/cache/2/small_image/296x296/9df78eab33525d08d6e5fb8d27136e95/2/_/2_1_4.jpg,https://www.batiskaf.ru/gidrokostjum-dlja-podvodnoj-ohoty-scorpena-c3-1-5mm-blue-camo.html,"Гидрокостюм Scorpena C3 1,5мм BLUE Camo",16360руб.,SCO1903116,Да,"Вершина линейки гидрокостюмов SCORPENA – модель С в 2017 году полностью обновлена.

"
Распродажа/Подводная охота/Гидрокостюмы для охоты/,https://www.batiskaf.ru/media/catalog/product/cache/2/small_image/296x296/9df78eab33525d08d6e5fb8d27136e95/2/0/20220105_112024_0000.png,https://www.batiskaf.ru/gidrokostjum-dlja-podvodnoj-ohoty-akvatiks-7mm-nejlon-nejlon.html,Гидрокостюм Акватикс 7мм нейлон/нейлон,7200руб.,AQ7,Да,Гидрокостюм для подводной охоты Акватикс 7мм нейлон/нейлон
Распродажа/Подводная охота/Гидрокостюмы для охоты/,https://www.batiskaf.ru/media/catalog/product/cache/2/small_image/296x296/9df78eab33525d08d6e5fb8d27136e95/1/0/10_6.jpg,https://www.batiskaf.ru/gidrokostjum-dlja-podvodnoj-ohoty-scorpena-ecoline-5mm-nejlon.html,Гидрокостюм Scorpena EcoLine 5мм нейлон,20550руб.,SCO140,Да,"Модели костюмов с открытой порой изнутри мы рекомендуем для тех подводных охотников, кто охотятся подолгу и которые чувствуют уверенность в своём опыте обращения с неопреновыми изделиями и знаниями об уходе за ними.
"
Дайвинг/Экипировка/Ласты/закрытая пятка/,https://www.batiskaf.ru/media/catalog/product/cache/2/small_image/296x296/9df78eab33525d08d6e5fb8d27136e95/0/6/06-49-00-x-voyager.jpg,https://www.batiskaf.ru/lasty-x-voyager.html,Ласты X-Voyager закрытая пятка,2960руб.,1539,Да,"Обрезиненные края защищают лопасть от механических повреждений, продлевая срок службы ласт. "
Дайвинг/Экипировка/Ласты/открытая пятка/,https://www.batiskaf.ru/media/catalog/product/cache/2/small_image/296x296/9df78eab33525d08d6e5fb8d27136e95/p/o/powerjet-adjustable_1.jpg,https://www.batiskaf.ru/lasty-power-jet-otkrytaja-pjatka.html,Ласты Beuchat Power Jet открытая пятка,3990руб.,15400,Да,"Ласты Beuchat Power Jet – удобные и легкие ласты с открытой пяткой. Подходят для занятия дайвингом.
Вес ласт снижен благодаря использованию трех различных материалов и инновационному дизайну.
Пряжки съемные и легко регулируемые. Галоши адаптированы для комфортного использования любых ботиков.
Ласты чёрного цвета отличаются повышенной жесткостью. Синие и жёлтые средней жёсткости."
Дайвинг/Экипировка/Ласты/закрытая пятка/,https://www.batiskaf.ru/media/catalog/product/cache/2/small_image/296x296/9df78eab33525d08d6e5fb8d27136e95/6/5/654_154511.jpg,https://www.batiskaf.ru/lasty-power-jet-zakrytaja-pjatka.html,Ласты Beuchat Power Jet закрытая пятка,2950руб.,154,Да,"Компания Beuchat, французский производитель снаряжения для дайвинга и подводной охоты, представил обновленную версию популярной модели ласт Power Jet!"
Распродажа/Экипировка/Ласты/,https://www.batiskaf.ru/media/catalog/product/cache/2/small_image/296x296/9df78eab33525d08d6e5fb8d27136e95/b/e/beuchat_mundial_sport.jpg,https://www.batiskaf.ru/lasty-mundial-sport.html,Ласты для подводной охоты Beuchat Mundial Sport,7540руб.,15405,Да,Ласты средней жёсткости. Отличительная черта этой модели - лопасть серого цвета.
Распродажа/Экипировка/Ласты/,https://www.batiskaf.ru/media/catalog/product/cache/2/small_image/296x296/9df78eab33525d08d6e5fb8d27136e95/b/e/beuchat_mundial_competition.jpg,https://www.batiskaf.ru/lasty-mundial-competition.html,Ласты для подводной охоты Beuchat Mundial Competition,7540руб.,15409,Да,"Специальная разработка Beuchat, ласты из жёсткого пластика предназначенные для глубоких и быстрых погружений. Это композитные ласты закрытого типа с удлинённой лопастью, что увеличивает эффективную площадь гребка по сравнению с традиционными моделями.
"
Дайвинг/Экипировка/Ласты/закрытая пятка/,https://www.batiskaf.ru/media/catalog/product/cache/2/small_image/296x296/9df78eab33525d08d6e5fb8d27136e95/c/r/cressi-pluma-1_2.jpg,https://www.batiskaf.ru/lasty-pluma.html,Ласты Cressi Pluma закрытая пятка,2200руб.,CA1760,Да,"Pluma – это превосходные ласты, в которых сочетается большое количество технологий, в прошлом используемых только на высокотехничных моделях, разработанных специально для подводной охоты и дайвинга.
По существу, в ней использована та же самая запатентованная система Cressi, заключающуюся в использовании трёх различных материалов, для достижения высокой производительности, невероятной лёгкости и оптимального усилия во время гребка, а также поразительного комфорта при её использовании.
Лопасть выполнена из лёгкого и в то же время податливого полипропилена, с очень энергичной и стремительной отдачей. Продольные ребра жёсткости переменного сечения в сочетании с эластичными приливами по всему боковому краю лопасти гарантируют контролируемое сгибание и поступательное движение.
"
Распродажа/Неопрен/Гидрокостюмы/,https://www.batiskaf.ru/media/catalog/product/cache/2/small_image/296x296/9df78eab33525d08d6e5fb8d27136e95/a/l/alize-shorty-junior_2_.jpg,https://www.batiskaf.ru/gidrokostjum-alize-shorty-detskij-3mm.html,Гидрокостюм Alize Shorty 3мм детский,4950руб.,46695,Да,"Имеет те же характеристики и стильный дизайн, как и монокостюм Alize. Бесшовная подмышечная вставка из мягкого материала, обеспечивает свободное движение руками. По краям рукавов и штанин – аквастопы. Анатомический воротник выполнен из эластичного неопрена плотно облегающего шею без неприятных ощущений.

"
Распродажа/Неопрен/Гидрокостюмы/,https://www.batiskaf.ru/media/catalog/product/cache/2/small_image/296x296/9df78eab33525d08d6e5fb8d27136e95/i/m/image4_1325857872_1_.jpg,https://www.batiskaf.ru/gidrokostjum-zhenskij-focea-sport-5-mm.html,Гидрокостюм Focea Sport 5мм женский,4920руб.,51660,Да,"Модель костюма Focea Sport толщиной 5 мм, выполнена из эластичного неопрена. Гидрокостюм имеет преформированный анатомический крой, придающий великолепную посадку по фигуре и обеспечивает невероятный комфорт и свободу движений его обладателю."
Распродажа/Неопрен/Гидрокостюмы/,https://www.batiskaf.ru/media/catalog/product/cache/2/small_image/296x296/9df78eab33525d08d6e5fb8d27136e95/b/a/balance_comfort_2_1_.jpg,https://www.batiskaf.ru/gidrokostjum-zhenskij-balance-comfort-5-5-mm-2012.html,"Гидрокостюм Баланс Комфорт 2012 5,5мм женский",18150руб.,SP 66197,Да,"Монокостюм женский  Balance Comfort 5,5 мм 2012 
Модульный гидрокостюм, состоящий из монокостюма 5,5 мм,  без отдельного шлема. 
Все части изготовлены из неопрена Ultrastretch.
Двойная обтюрация на запястьях и лодыжках из 3,5 мм неопрена «гладкая кожа» с застежкой на молнии.
Ультрамягкие неопреновые вставки на сгибах в суставах рук и ног.
Дополнительно можно приобрести Куртку со шлемом или шлем.
"
Распродажа/Экипировка/Ласты/,https://www.batiskaf.ru/media/catalog/product/cache/2/small_image/296x296/9df78eab33525d08d6e5fb8d27136e95/s/t/stingray_short2_1_.jpg,https://www.batiskaf.ru/lasty-stingray-short.html,Ласты для подводной охоты Stingray Short,8450руб.,OMP464,Да,"Новые ласты Stingray Short имеют лопасть на 15 см короче, чем у традиционных охотничьих ласт. Такая лопасть позволяет дольше плавать по поверхности, не утомляя мышцы ног.
"
Распродажа/Неопрен/Гидрокостюмы/,https://www.batiskaf.ru/media/catalog/product/cache/2/small_image/296x296/9df78eab33525d08d6e5fb8d27136e95/b/a/babybimboba_5b350l290_5d_1_.jpg,https://www.batiskaf.ru/gidrokostjum-detskij-baby-1-5-mm-sinij.html,Гидрокостюм Cressi Baby 2мм синий,2500руб.,DG00100,Да,"Мокрый гидрокостюм для детей, изготовлен из 1,5 мм неопрена (грудь и спина) и лайкры (боковины, рукава и воротник). Передняя застежка-молния YKK. Обеспечивает великолепную защиту от холода и ультрафиолета и максимальную свободу движений за счет не раздражающих кожу вставок из лайкры.
"
Распродажа/Экипировка/Ласты/,https://www.batiskaf.ru/media/catalog/product/cache/2/small_image/296x296/9df78eab33525d08d6e5fb8d27136e95/_/_/___________mares_4f12996f58f18_1.jpg,https://www.batiskaf.ru/lasty-razor-pro.html,Ласты для подводной охоты RAZOR PRO ,8900руб.,420401SA,Да,"Ласты с длинными лопастями. Черные лопасти на модели Razor PRO самые жесткие и бескомпромисные. Доступны большие размеры калош (47-48), что не маловажно для нашего подводного охотника с большой ногой и толстым носком. Лопасти могут меняться."
Распродажа/Экипировка/Ласты/,https://www.batiskaf.ru/media/catalog/product/cache/2/small_image/296x296/9df78eab33525d08d6e5fb8d27136e95/n/e/nemopro.ru-___1911158783804001636_9006188506___-.jpg,https://www.batiskaf.ru/lasty-razor-soft.html,Ласты для подводной охоты Razor Soft,8700руб.,420402SA0,Да,Ласты Mares Razor Soft – ласты для подводной охоты. Лёгкие и эффективные.
Распродажа/Экипировка/Ласты/,https://www.batiskaf.ru/media/catalog/product/cache/2/small_image/296x296/9df78eab33525d08d6e5fb8d27136e95/5/0/5003_1_.jpg,https://www.batiskaf.ru/kalosha-dlja-last-mundial.html,Калоша для ласт Mundial,1960руб.,04406,Да,"Калоша для замены, на случай поломки или если вы планируете нырять в костюме с другим размером бот."
Распродажа/Экипировка/Ласты/,https://www.batiskaf.ru/media/catalog/product/cache/2/small_image/296x296/9df78eab33525d08d6e5fb8d27136e95/1/5/15472__mundial-one_-flex-1_1_1_.jpg,https://www.batiskaf.ru/lasty-mundial-one.html,Ласты для подводной охоты Mundial One,5200руб.,15472,Да,"Эти ласты разработаны для начинающих пловцов и подводных охотников с небольшим опытом.
"
Распродажа/Неопрен/Гидрокостюмы/,https://www.batiskaf.ru/media/catalog/product/cache/2/small_image/296x296/9df78eab33525d08d6e5fb8d27136e95/i/m/image2_1325857871_1__1_.jpg,https://www.batiskaf.ru/gidrokostjum-focea-sport-zhenskij-7mm.html,Гидрокостюм Focea Sport 7мм женский,4920руб.,51667,Да,"Модель костюма Focea Sport выполнена из эластичного неопрена. 
Гидрокостюм имеет преформированный анатомический крой, придающий великолепную посадку по фигуре и обеспечивает невероятный комфорт и свободу движений его обладателю. 

"
Распродажа/Экипировка/Ласты/,https://www.batiskaf.ru/media/catalog/product/cache/2/small_image/296x296/9df78eab33525d08d6e5fb8d27136e95/3/9/393e0230d23fafdeef200a512a1c0ec6_1_.jpg,https://www.batiskaf.ru/lasty-mundial-elite.html,Ласты для подводной охоты Beuchat Mundial Elite,8940руб.,15477,Да,"Производительность и универсальность! 
- Элитная модель из высокоэффективного технополимера, с высокой отзывчивостью и производительностью 
- 6 стабилизаторов Mundial Proguide на каждой лопасти (2 боковых и 1 центральный с каждой стороны) для направления потока и создания улучшенной траектории. 
- Форма Fishtail (рыбий хвост) способствует устойчивости лопастей и достижению более эффективного гребка 
- Комфортная галоша Mundial из эластомера с усилением в области подъема и пятки 
- Лопасть продолжается под калошей ласт, для передачи максимальной мощности и поддержания высокой производительности гребка."
Распродажа/Подводная охота/Гидрокостюмы для охоты/,https://www.batiskaf.ru/media/catalog/product/cache/2/small_image/296x296/9df78eab33525d08d6e5fb8d27136e95/a/t/athena_1.jpg,https://www.batiskaf.ru/gidrokostjum-athena-7-mm.html,Гидрокостюм женский Beuchat Athena 7мм,22500руб.,60774,Да,"Эта модель гидрокостюма была разработана специально для представительниц прекрасного пола, с учетом эргономических особенностей женского тела. 
"
Для бассейна/Гидрокостюмы для плавания/,https://www.batiskaf.ru/media/catalog/product/cache/2/small_image/296x296/9df78eab33525d08d6e5fb8d27136e95/a/q/aquaskin-m1_1_.jpg,https://www.batiskaf.ru/gidrokostjum-dlja-plavanija-aqua-skin-1-mm-muzhskoj.html,Гидрокостюм для плавания Aqua Skin 1мм мужской,11200руб.,SP93020,Да,"Гидрокостюм Aqua Sphere Aqua Skin для водных видов спорта.
Новый гидрокостюм с мягким нейлоном изнутри. Такое покрытие позволяет легко надевать костюм без использования мыльного раствора или масла и делает костюм идеальным для использования в теплой воде. Не боится хлора, идеально подходит для плавания в бассейне и открытой воде.
"
Распродажа/Экипировка/Ласты/,https://www.batiskaf.ru/media/catalog/product/cache/2/small_image/296x296/9df78eab33525d08d6e5fb8d27136e95/s/p/spit_fir_1_.jpg,https://www.batiskaf.ru/lasty-spitfire-black.html,Ласты для подводной охоты Spitfire Black,4680руб.,SBSPFI050B,Да,"Калоши новых ласт, изготовленные из терморезины переменной жесткости, обеспечивают наилучшее сочетание комфорта и эффективности. 

Зеленая часть калоши имеет жесткость 40 единиц, что гарантирует удобство для стопы и позволяет избежать натирания щиколотки и пальцев. 

Черная часть калоши имеет жесткость 90 единиц, обеспечивая передачу энергии от ноги к лопасти без потерь."
Распродажа/Неопрен/Гидрокостюмы/,https://www.batiskaf.ru/media/catalog/product/cache/2/small_image/296x296/9df78eab33525d08d6e5fb8d27136e95/5/4/54120-01_mahe-active-shorty_twilight_lady_1_.jpg,https://www.batiskaf.ru/gidrokostjum-mahe-shorti-2013-zhenskij-3-5-mm.html,Гидрокостюм Мaxe Shorty 2013 3мм женский,4995руб.,SP66158,Да,"Мокрый монокостюм-шорти Aqua Lung Mahe 2013.
"
Распродажа/Экипировка/Ласты/,https://www.batiskaf.ru/media/catalog/product/cache/2/small_image/296x296/9df78eab33525d08d6e5fb8d27136e95/s/t/stingray_1_.jpg,https://www.batiskaf.ru/lasty-stingray-chernye.html,Ласты для подводной охоты Stingray Black,4680руб.,OMP71,Да,"Новые ласты со сменными лопастями отличаются своими галошами из терморезины и углом между лопастью и галошей в 22 градуса (по сравнению с традиционным в 15-17 градусов). Использование терморезины двух степеней жесткости позволяет значительно повысить комфортность галоши. Угол скоса лопасти в 22 градуса является результатом исследований, направленных на оптимизацию мощности усилия и мощности толчка ласты. Лопасти изготовлены из низкомодульного полипропилена."
Распродажа/Неопрен/Гидрокостюмы/,https://www.batiskaf.ru/media/catalog/product/cache/2/small_image/296x296/9df78eab33525d08d6e5fb8d27136e95/8/6/861_caicosboy__1__5b800l600_5d_1_.jpg,https://www.batiskaf.ru/gidrokostjum-detskij-caicos-1-5-mm-sinij.html,"Гидрокостюм детский Cressi CAICOS 1,5мм лайкра синий",1710руб.,DG00150,Да,"Детский гидрокостюм для плавания из лайкры в теплой воде или бассейне.
"
Распродажа/Подводная охота/Гидрокостюмы для охоты/,https://www.batiskaf.ru/media/catalog/product/cache/2/small_image/296x296/9df78eab33525d08d6e5fb8d27136e95/0/0/00000043255_4_gidrokostyum_dlya_podvodnoy_ohoti_sargan_kalan_2_0_11_mm.jpg,https://www.batiskaf.ru/gidrokostjum-dlja-podvodnoj-ohoty-kalan-11mm.html,Гидрокостюм Sargan КАЛАН 11мм,18700руб.,KLN11,Да,"Этот костюм одним из самых привлекательных предложений на подводном рынке России и ближайшего зарубежья. Походит, как для ныряния всего один раз в год, так и для ежедневной работы.


"
Дайвинг/Экипировка/Ласты/открытая пятка/,https://www.batiskaf.ru/media/catalog/product/cache/2/small_image/296x296/9df78eab33525d08d6e5fb8d27136e95/a/q/aquabionic-red_1_.jpg,https://www.batiskaf.ru/lasty-aquabionic.html,Ласты Aquabionic открытая пятка,8250руб.,15443,Да,Функциональный дизайн ласт создан под впечатлением от строения плавников морских млекопитающих.
Распродажа/Неопрен/Гидрокостюмы/,https://www.batiskaf.ru/media/catalog/product/cache/2/small_image/296x296/9df78eab33525d08d6e5fb8d27136e95/f/o/focea-comfort-5-homme-shorty-cagoule-attenante_1__1__1.jpg,https://www.batiskaf.ru/gidrokostjum-focea-comfort-5-man-shorty-so-shlemom-5mm-14763.html,Куртка со шлемом Focea Comfort 5 Man Shorty 5мм,9000руб.,53353,Да,"Куртка со шлемом Focea Comfort 5 Man Shorty 5мм
"
Распродажа/Экипировка/Ласты/,https://www.batiskaf.ru/media/catalog/product/cache/2/small_image/296x296/9df78eab33525d08d6e5fb8d27136e95/5/6/5635.750.jpg,https://www.batiskaf.ru/lasty-turbo-dzhunior-s-remeshkom.html,Ласты Турбо открытая пятка детские ,1000руб.,AQT6067,Да,Детские ласты TURBO JUNIOR с мягкой калошей отлично подойдут ребенку для плавания с трубкой и маской или для использования в бассейне.
Распродажа/Неопрен/Гидрокостюмы/,https://www.batiskaf.ru/media/catalog/product/cache/2/small_image/296x296/9df78eab33525d08d6e5fb8d27136e95/i/m/image_1297242221_1__1_1.jpg,https://www.batiskaf.ru/gidrokostjum-focea-comfort-3-zhenskij-so-shlemom-7mm-15099.html,Гидрокостюм Focea Comfort 3 женский со шлемом 7мм,6945руб.,51060,Да,"Эта классическая модель гидрокостюма для дайвинга от BEUCHAT считается лучшей в своем классе благодаря уникальным характеристикам, которые позволяют использование как в холодной, так и в теплой воде.
В комплектацию входит монокостюм со встроенным шлемом.
"
Распродажа/Экипировка/Ласты/,https://www.batiskaf.ru/media/catalog/product/cache/2/small_image/296x296/9df78eab33525d08d6e5fb8d27136e95/a/p/apertura.jpg,https://www.batiskaf.ru/lasty-dlja-podvodnoj-ohoty-spitfire-kelp-prozrachnye.html,Ласты для подводной охоты Spitfire Kelp прозрачные,9360руб.,SBSPFI050G,Да,Новинка 2017 года охотничьи ласты Sporasub Spitfire Kelp
Распродажа/Подводная охота/Гидрокостюмы для охоты/,https://www.batiskaf.ru/media/catalog/product/cache/2/small_image/296x296/9df78eab33525d08d6e5fb8d27136e95/0/0/00000065372_4_gidrokostyum_espadon_elite_7_mm.jpg,https://www.batiskaf.ru/gidrokostjum-dlja-podvodnoj-ohoty-espadon-elite-7mm.html,Гидрокостюм Beuchat Espadon Elite 7-8мм,18500руб.,60381,Да,"Костюм создан для опытных подводных охотников, которым требуется гладкий костюм для эффективной и интенсивной охоты в глубине.
 "
Распродажа/Неопрен/Гидрокостюмы/,https://www.batiskaf.ru/media/catalog/product/cache/2/small_image/296x296/9df78eab33525d08d6e5fb8d27136e95/n/s/ns7a7809-edit.jpg,https://www.batiskaf.ru/gidrokostjum-scorpena-miami-shorty-zhenskij.html,Гидрокостюм Scorpena Miami Shorty 2.5мм женский,3500руб.,SCO400112,Да,"Защита тела человека от переохлаждения при его нахождении в воде.

"
Распродажа/Неопрен/Гидрокостюмы/,https://www.batiskaf.ru/media/catalog/product/cache/2/small_image/296x296/9df78eab33525d08d6e5fb8d27136e95/d/s/dsc04250-edit.jpg,https://www.batiskaf.ru/gidrokostjum-scorpena-swim-lajkra-detskij-goluboj.html,Гидрокостюм Scorpena Swim лайкра детский голубой,1590руб.,SCO40016,Да,"Удобный, лёгкий и технологичный монокостюм."
Распродажа/Подводная охота/Гидрокостюмы для охоты/,https://www.batiskaf.ru/media/catalog/product/cache/2/small_image/296x296/9df78eab33525d08d6e5fb8d27136e95/2/3/23-23-28-1237__rm_apnea_4494_z_1.jpg,https://www.batiskaf.ru/gidrokostjum-cressi-apnea-5mm-23343.html,Гидрокостюм Cressi Apnea 5мм,20100руб.,LE45020,Да,"Хорошо скроенный гидрокостюм, особое внимание в нем уделено комфорту тех областей, где тело страдает от трения во врем погружения.
Преимущества:
Анатомический крой.
Защита на коленях.
На груди накладка для зарядки арбалета."
Распродажа/Подводная охота/Гидрокостюмы для охоты/,https://www.batiskaf.ru/media/catalog/product/cache/2/small_image/296x296/9df78eab33525d08d6e5fb8d27136e95/2/3/23-23-28-1237__rm_apnea_4494_z.jpg,https://www.batiskaf.ru/gidrokostjum-cressi-apnea-7mm.html,Гидрокостюм Cressi Apnea 7мм,21700руб.,LE45030,Да,"Хорошо скроенный гидрокостюм, особое внимание в нем уделено комфорту тех областей, где тело страдает от трения во врем погружения.
Преимущества:
Анатомический крой.
Защита на коленях.
На груди накладка для зарядки арбалета."
Распродажа/Экипировка/Ласты/,https://www.batiskaf.ru/media/catalog/product/cache/2/small_image/296x296/9df78eab33525d08d6e5fb8d27136e95/0/0/00000059413_2_lasti_next_camo.jpg,https://www.batiskaf.ru/lasty-salvimar-next-camo.html,Ласты Salvimar NEXT camo,5000руб.,600107,Да,"Ласты подводной охоты и для фридайвинга со съемной лопастью из P.P., камуфляж Next. Новая система крепления галоши к лопасти.."
Распродажа/Подводная охота/Гидрокостюмы для охоты/,https://www.batiskaf.ru/media/catalog/product/cache/2/small_image/296x296/9df78eab33525d08d6e5fb8d27136e95/0/0/00000065372_4_gidrokostyum_espadon_elite_7_mm_2_3.jpg,https://www.batiskaf.ru/gidrokostjum-dlja-podvodnoj-ohoty-espadon-elite-5mm.html,Гидрокостюм Beuchat Espadon Elite 5мм,15150руб.,60351,Да,"Костюм создан для опытных подводных охотников, которым требуется гладкий костюм для эффективной и интенсивной охоты в глубине.
 "
Распродажа/Подводная охота/Гидрокостюмы для охоты/,https://www.batiskaf.ru/media/catalog/product/cache/2/small_image/296x296/9df78eab33525d08d6e5fb8d27136e95/d/b/db54f9b2d6b811e8bb4a1c6f65cec896_08bb5ebfabca11ea814de8de2703a5a1.jpg,https://www.batiskaf.ru/gidrokostjum-aquadiscovery-elite-pro-7mm.html,Гидрокостюм AquaDiscovery Elite Pro 7мм,9900руб.,ADEP,Да,"Эластичный гидрокостюм для подводной охоты Аквадискавери Элит выполнен из неопренов smoothskin и superstretch.
Брюки без лямок, обтюраторы waterlock препятствуют попаданию холодной воды в гидрокостюм. Благодаря анатомическому крою не сковывает движения охотника. Колени и плечи защищены неопреном шаркскин. Идеально подходит для подводной охоты в воде температурой 12-18°С.
"
Распродажа/Неопрен/Гидрокостюмы/,https://www.batiskaf.ru/media/catalog/product/cache/2/small_image/296x296/9df78eab33525d08d6e5fb8d27136e95/o/r/orig_6_.jpg,https://www.batiskaf.ru/gidrokostjum-focea-sport-lady-shorty-5mm-so-shlemom.html,Куртка со шлемом Focea Sport Lady Shorty 5мм,4920руб.,51696,Да,"Focea Sport Shorty -это укороченный гидрокостюм толщиной 5 мм со встроенным шлемом.
"
Распродажа/Экипировка/Ласты/,https://www.batiskaf.ru/media/catalog/product/cache/2/small_image/296x296/9df78eab33525d08d6e5fb8d27136e95/a/b/ab63758c-cca6-46a5-998b-40257a086515-1200x800.jpg,https://www.batiskaf.ru/lasty-s4-surfer-plastikovye-belye.html,Ласты С4 Surfer пластиковые белые,9500руб.,BC4Surfer,Да,Ласты С4 Surfer пластиковые белые подходят для фридайверов и подводных охотников.
Распродажа/Подводная охота/Гидрокостюмы для охоты/,https://www.batiskaf.ru/media/catalog/product/cache/2/small_image/296x296/9df78eab33525d08d6e5fb8d27136e95/e/s/espadon-prestige_1__12_2.jpg,https://www.batiskaf.ru/kurtka-espadon-prestige-5mm.html,Куртка Beuchat Espadon Prestige 5мм,14790руб.,60251,Да,"Куртка с капюшоном толщиной 5 мм. Внутри куртки – “открытая пора” для максимальной теплоизоляции.
"
Распродажа/Подводная охота/Гидрокостюмы для охоты/,https://www.batiskaf.ru/media/catalog/product/cache/2/small_image/296x296/9df78eab33525d08d6e5fb8d27136e95/i/m/image3_1327567617_1__2.jpg,https://www.batiskaf.ru/kombinezon-beuchat-marlin-elite-5mm.html,Комбинезон Beuchat Marlin Elite 5мм,9900руб.,51798,Да,"Комбинезон в толщине 5 мм выполнен из гладкого неопрена снаружи для уменьшения силы трения, внутри неопрен типа «открытая пора».
Модель Marlin Elite обладает прославленным анатомическим кроем BEUCHAT. На коленных сгибах усилители Supratex, обеспечивающие прочность местам наибольшего износа. У манжет на лодыжках края отделочных швов с тыльной стороны обрезаны под углом 45 градусов, что придает больше эластичности и надежности этим частям костюма при его надевании и снимании.
"
Распродажа/Подводная охота/Гидрокостюмы для охоты/,https://www.batiskaf.ru/media/catalog/product/cache/2/small_image/296x296/9df78eab33525d08d6e5fb8d27136e95/d/v/dvc_4205.1800x1800w.jpg,https://www.batiskaf.ru/marlin-blackskin-5mmmarlin-blackskin-5mm.html,Гидрокостюм для подводной охоты Marlin Blackskin 5мм,11560руб.,1095,Да,"- мягкий эластичный неопрен;
- анатомический крой, состоит из 44 деталей;
- брюки типа Long John (с лямками);
- рукав типа реглан;
- дополнительное усиление на комбинезоне в районе груди;
- «мягкие швы» за счет проклейки специальным клеем;
- дублированный неопрен в районе ушей;
- обтюрация на рукавах, брюках и шлеме;
- колени и локти защищены материалом duratex;
- возможность самостоятельно подогнать длину костюма;
- карман на бедре;
- крепление для ножа. "
Распродажа/Экипировка/Маски / Очки/,https://www.batiskaf.ru/media/catalog/product/cache/2/small_image/296x296/9df78eab33525d08d6e5fb8d27136e95/c/r/cressi_big_eyes_evolution_5.jpg,https://www.batiskaf.ru/maska-big-eyes-evolution.html,Маска Cressi Big Eyes Evolution,3000руб.,DS33601,Да,"Технические характеристики:
- Дайвинг, охота, снорклинг
- Материал: калённое стекло, силикон
- Двухстекольная
- Малый подмасочный объём
- Вес: 200 гр
- Надёжное прилегание к разному типу лиц
- Быстрорегулируемые, вращающиеся пряжки
- Широкий угол обзора
- Высокая механическая прочность стёкол
- Фасонный выступ для носа
- Стёкла наклонены вниз
- Гипоаллергенный анатомический
- Обтюратор из силикона High Seal
- Специальный профиль обтюратора с дифференцированной жесткостью
- Возможна установка оптических линз"
Распродажа/Экипировка/Маски / Очки/,https://www.batiskaf.ru/media/catalog/product/cache/2/small_image/296x296/9df78eab33525d08d6e5fb8d27136e95/m/a/matrix_rossa.jpg,https://www.batiskaf.ru/maska-matrix.html,Маска Cressi  Matrix прозрачный силикон,2500руб.,DS30101,Да,"В модели Matrix были установлены новые рекорды высших технологий, которые не уступают революционным технологиям, представленным в своё время в маске Big Eyes."
Распродажа/Подводная охота/Ружья/,https://www.batiskaf.ru/media/catalog/product/cache/2/small_image/296x296/9df78eab33525d08d6e5fb8d27136e95/b/e/beuchat_arka_competition.jpg,https://www.batiskaf.ru/ruzh-e-arbalet-arka-competition.html,Ружье-арбалет Beuchat Arka Competition,7950руб.,16214,Да,"Традиционное качество и долговечность, свойственные подводным ружьям Beuchat экономичного класса."
Распродажа/Экипировка/Маски / Очки/,https://www.batiskaf.ru/media/catalog/product/cache/2/small_image/296x296/9df78eab33525d08d6e5fb8d27136e95/c/r/cressi_masks_lince_yel_1_1.jpg,https://www.batiskaf.ru/maska-lince-prozrachnyj-silikon.html,Маска Cressi  Lince прозрачный силикон,2200руб.,DS31101,Да,"Дизайн маски Lince мало отличается от дизайна Matrix, но имеет более узкое уплотнение, что делает эту малообъемную маску идеальной для фридайвинга.
"
Распродажа/Подводная охота/Ружья/,https://www.batiskaf.ru/media/catalog/product/cache/2/small_image/296x296/9df78eab33525d08d6e5fb8d27136e95/l/c/lc8a4919_4_1__1_.jpg,https://www.batiskaf.ru/ruzh-jo-arbalet-scorpena-x.html,Ружьё-арбалет Scorpena X роллерный,11700руб.,SCO150170,Да,Супермощный и дальнобойный арбалет от SCORPENA. 
Распродажа/Подводная охота/Ружья/,https://www.batiskaf.ru/media/catalog/product/cache/2/small_image/296x296/9df78eab33525d08d6e5fb8d27136e95/m/a/marlin-oceania_1__2.png,https://www.batiskaf.ru/ruzh-e-arbalet-marlin-oceania.html,Ружье-арбалет Marlin Oceania,18800руб.,16107,Да,"Арбалет Beuchat Marlin Oceania.
Прочный и выносливый арбалет для опытного морского охотника."
Распродажа/Экипировка/Маски / Очки/,https://www.batiskaf.ru/media/catalog/product/cache/2/small_image/296x296/9df78eab33525d08d6e5fb8d27136e95/8/3/836542_2_1.jpg,https://www.batiskaf.ru/maska-lynx-zelenaja.html,Маска Lynx зеленая,1500руб.,153012,Да,Новая маска для подводной охоты из темного силикона разных цветов с очень маленьким внутренним объемом. 
Распродажа/Экипировка/Маски / Очки/,https://www.batiskaf.ru/media/catalog/product/cache/2/small_image/296x296/9df78eab33525d08d6e5fb8d27136e95/8/3/836542_2_1_1.jpg,https://www.batiskaf.ru/maska-lynx-sinjaja.html,Маска Lynx синяя,1500руб.,153013,Да,Новая маска для подводной охоты из темного силикона разных цветов с очень маленьким внутренним объемом. 
Распродажа/Неопрен/Гидрокостюмы сухие / Утеплители / Аксессуары/,https://www.batiskaf.ru/media/catalog/product/cache/2/small_image/296x296/9df78eab33525d08d6e5fb8d27136e95/3/_/3_6_5.jpg,https://www.batiskaf.ru/g-k-suhoj-tech-dry-trilam-20590.html,Гидрокостюм сухой FourthElement Hydra неопреновый,99500руб.,DS01HYD,Да,"Сухой гидрокостюм Fourth Element Hydra создан для погружений в холодной воде и изготовлен из неопрена высокой плотности, сжатого от 7 мм до 4 мм, обеспечивает тепло, сохраняя при этом свободу движений. 
Гидрокостюм оснащен высококачественными клапанами Apollo Bio-Dry, сухой пластиковой молнией YKK AQUASEAL и шлангом низкого давления Hydpro Smooth Pro, тонкий крой костюма означает более легкое управление воздухом и высочайшую производительность.
Неопреновое шейное уплотнение для долговечности и дополнительного тепла.
Критические зоны износа в области промежности и подмышек защищены подкладкой Supratex.
Пластиковая сухая молния YKK минимизирует объем и вес, а также обеспечивает максимальную свободу движений.
В комплекте - шлем неопреновый толщиной 5мм и сумка для переноски. 
Потайные и проклеенные швы."
Распродажа/Подводная охота/Ружья/,https://www.batiskaf.ru/media/catalog/product/cache/2/small_image/296x296/9df78eab33525d08d6e5fb8d27136e95/0/0/00000072320_4_rug_yo_marlin_evil_open_1100.jpg,https://www.batiskaf.ru/ruzh-e-marlin-evil-open.html,Ружье-арбалет Beuchat Marlin Evil Open,12900руб.,16113,Да,"Рукоятка Marlin, обеспечивающая комфорт и отличную управляемость арбалетом"
Распродажа/Неопрен/Боты / Перчатки / Носки / Шлема/,https://www.batiskaf.ru/media/catalog/product/cache/2/small_image/296x296/9df78eab33525d08d6e5fb8d27136e95/b/e/beuchat_3_finger.jpg,https://www.batiskaf.ru/rukavicy-pro-gloves-7mm-trehpalye.html,Рукавицы Beuchat Pro Gloves 7мм,2175руб.,21230,Да,"Трехпалые рукавицы из 7 мм неопрена, с внутренним напылением слоя титана и дополнительной фиксацией застежкой – ”липучкой” снаружи. "
Распродажа/Экипировка/Трубки/,https://www.batiskaf.ru/media/catalog/product/cache/2/small_image/296x296/9df78eab33525d08d6e5fb8d27136e95/8/3/832376_1__1_.jpg,https://www.batiskaf.ru/trubka-activa-dry-flex-purge-s-klapanom-prozrachnyj-silikon.html,Трубка Activa Dry Flex Purge с нижним клапаном прозрачный силикон,990руб.,15248,Да,Трубка имеет все достоинства модели Activa Dry Purge в сочетании с гибкой гофрированной вставкой - для ещё большего комфорта.
Распродажа/Экипировка/Трубки/,https://www.batiskaf.ru/media/catalog/product/cache/2/small_image/296x296/9df78eab33525d08d6e5fb8d27136e95/d/e/delta22.png,https://www.batiskaf.ru/trubka-delta-2-prozrachnyj-silikon.html,Трубка Delta 2 прозрачный силикон,500руб.,ES2550,Да,"Включает все черты, характерные для Delta I, однако, гибкая секция трубки не съемная.
Разработанная как трубка для снорклинга, у Delta II имеется рассекатель, сводящий к минимуму возможность попадания в трубку воды при плавании на поверхности, а эллиптическое сечение снижает сопротивление. 
Гладкая внутренняя поверхность позволяет ей оставаться чистой. 
Даже при движении головой в процессе погружения трубка обеспечивает удобное положение загубника."
Распродажа/Экипировка/Трубки/,https://www.batiskaf.ru/media/catalog/product/cache/2/small_image/296x296/9df78eab33525d08d6e5fb8d27136e95/t/r/trubka_cressi_delta_1_rozov.jpg,https://www.batiskaf.ru/trubka-delta-1-prozrachnyj-silikon.html,Трубка Cressi Delta 1 прозрачный силикон,500руб.,ES2510,Да,"Разработанная как трубка для скуба-дайвинга, у Delta I имеется гибкая секция, позволяющая во время погружения со скубой менять трубку для снорклинга на регулятор."
Распродажа/Экипировка/Трубки/,https://www.batiskaf.ru/media/catalog/product/cache/2/small_image/296x296/9df78eab33525d08d6e5fb8d27136e95/t/r/trubka-beuchat-activa-dry-purge-2-prozrachno-sinyaya.jpg,https://www.batiskaf.ru/trubka-activa-dry-purge-s-klapanom-prozrachnyj-silikon.html,Трубка Activa Dry Purge с нижним клапаном прозрачный силикон,990руб.,15247,Да,Трубка изогнутой (анатомической) формы. Поперечное сечение - эллипсоидальной формы для снижения сопротивления. Имеется верхняя насадка от захлестывания волной и нижний дренажный клапан Отсутствие гофрированной вставки повышает жёсткость конструкции и позволяет использовать её при сильных течениях или скоростном плавании. Клапанная коробка с загубником имеет возможность вращения вокруг продольной оси трубки.
Распродажа/Неопрен/Боты / Перчатки / Носки / Шлема/,https://www.batiskaf.ru/media/catalog/product/cache/2/small_image/296x296/9df78eab33525d08d6e5fb8d27136e95/b/e/beuchat_elaskin.jpg,https://www.batiskaf.ru/perchatki-elaskin-2-4-mm.html,Перчатки Beuchat Elaskin 2мм,2330руб.,21220,Да,"Пятипалые перчатки анатомического кроя из неопрена 2мм с внутренним титановым напылением и с наружным антипроскальзывающим покрытием. Размеры – XS/S, M/L, XL/XXL"
Распродажа/Экипировка/Трубки/,https://www.batiskaf.ru/media/catalog/product/cache/2/small_image/296x296/9df78eab33525d08d6e5fb8d27136e95/b/e/beuchat_snorkels_oceosenior_1.jpg,https://www.batiskaf.ru/trubka-oceo-prozrachnyj-silikon.html,Трубка Oceo прозрачный силикон,500руб.,15212,Да,"Трубка анатомической формы. Имеет увеличенный по сравнению с другими трубками диаметр.

Особенности:
- материал: пластик, загубник силиконовый
- загубник изготовлен из мягкого гипоаллергенного силикона
- оригинальный загубник позволяет использовать трубку, как на левую, так и на правую сторону

ДОСТУПНЫЙ ЦВЕТ:
Синий, оранжевый, чёрный, жёлтый
"
Распродажа/Экипировка/Трубки/,https://www.batiskaf.ru/media/catalog/product/cache/2/small_image/296x296/9df78eab33525d08d6e5fb8d27136e95/b/e/beuchat_snorkels_activa_14.jpg,https://www.batiskaf.ru/trubka-activa-prozrachnyj-silikon.html,Трубка Activa прозрачный силикон,600руб.,15240,Да,"Простая и надежная трубка для плавания Beuchat. Имеет изогнутую анатомическую форму. Поперечное сечение - эллипсоидной формы для снижения сопротивления дыхания.
Особенности:
регулируемое крепление
материал: пластик, загубник силиконовый
загубник изготовлен из мягкого гипоаллергенного силикона
регулируемое крепление помогает зафиксировать трубку в нужном положении
эллипсоидальное поперечное сечение снижает сопротивление
оригинальный загубник позволяет использовать трубку, как на левую, так и на правую сторону"
Распродажа/Экипировка/Трубки/,https://www.batiskaf.ru/media/catalog/product/cache/2/small_image/296x296/9df78eab33525d08d6e5fb8d27136e95/c/r/cressi_gama_4_1.jpg,https://www.batiskaf.ru/trubka-gamma.html,Трубка Cressi Gamma,500руб.,EG2610,Да,"Профилированная насадка-волноотбойник: значительно уменьшает захлёстывание воды и попадание брызг сверху, не препятствуя дыханию.
Регулируемый держатель: быстроразъемный фиксатор для крепления к ремешку маски легко перемещается по всей длине трубки и обеспечивает идеальную регулировку положения.
Новая конструкция дренажного клапана с отстойником позволяет собирать остаточную воду в нижней части трубки, обеспечивая свободу дыхания.
Внутренний эллиптический клапан: эллиптический дренажный клапан обеспечивает эффективный отвод воды, позволяя быстро и без усилий очистить трубку."
Фридайвинг/Неопрен/Носки/,https://www.batiskaf.ru/media/catalog/product/cache/2/small_image/296x296/9df78eab33525d08d6e5fb8d27136e95/_/-/_-_.jpg,https://www.batiskaf.ru/noski-scorpena-c-5-mm.html,Носки SCORPENA C 5мм открытая пора,1800руб.,SCO030040,Да,"Модификация - внутри открытая пора или плюш, в зависимости от партии.
Носки SCORPENA C созданы для тех, кто не привык к компромиссам, и всегда выбирает самое лучшее и качественное. Они выполнены из неопрена, снаружи покрытым нейлоном, а внутри плюш. 
"
Дайвинг/Неопрен/Шлема/,https://www.batiskaf.ru/media/catalog/product/cache/2/small_image/296x296/9df78eab33525d08d6e5fb8d27136e95/i/m/image1_1325862486_1_.jpg,https://www.batiskaf.ru/shlem-zhenskij-dlja-focea-sport-5-mm.html,Шлем женский Focea Sport 5мм ,1300руб.,51614,Да,"Шлем из 5 мм неопрена для гидрокостюма Focea Sport
Air escape system: клапан стравливающий накопившийся воздух под шлемом
"
Дайвинг/Неопрен/Шлема/,https://www.batiskaf.ru/media/catalog/product/cache/2/small_image/296x296/9df78eab33525d08d6e5fb8d27136e95/i/m/image_1325862486_1_.jpg,https://www.batiskaf.ru/shlem-muzhskoj-dlja-focea-sport-5-mm.html,Шлем мужской Focea Sport 5мм ,1300руб.,51514,Да,АРХИВ. ТОВАР НЕ ДОСТУПЕН ДЛЯ ЗАКАЗА
Распродажа/Неопрен/Боты / Перчатки / Носки / Шлема/,https://www.batiskaf.ru/media/catalog/product/cache/2/small_image/296x296/9df78eab33525d08d6e5fb8d27136e95/b/e/beuchat-sock-mundial_1_1_1.jpg,https://www.batiskaf.ru/noski-mundial-5-mm.html,Носки Beuchat Mundial 5мм,1400руб.,40072,Да,"Носки с внешним покрытием нейлоном, внутри открытая пора изготавливаются из 5 или 7 мм неопрена. "
Распродажа/Неопрен/Боты / Перчатки / Носки / Шлема/,https://www.batiskaf.ru/media/catalog/product/cache/2/small_image/296x296/9df78eab33525d08d6e5fb8d27136e95/i/m/image_1327571840_1_.jpg,https://www.batiskaf.ru/noski-marlin-3-mm.html,Носки Marlin 3мм,1500руб.,40095,Да,"Носки выполнены из эластичного ультратянущегося неопрена Еlaskin. Камуфлированное, в стиле ""Marlin Prestige"", напыление резиной в области ""подъёма"" стопы способствует более надёжной фиксации ласт. Подошва с усиленной зашитой Supratex, которая теперь предохраняет носок и область пальцев ног. Анатомичный крой под левую и правую ногу для лучшего прилегания и комфорта. Внутри открытая пора c титановым напылением, а внутренняя часть подошвы покрыта нейлоновым покрытием.
"
Снаряжение для подводной охоты/Приборы/,https://www.batiskaf.ru/media/catalog/product/cache/2/small_image/296x296/9df78eab33525d08d6e5fb8d27136e95/d/s/dsc_1816_580l400_1_.jpg,https://www.batiskaf.ru/chasy-glubinomer-vektor-zheltye-knopki.html,Часы-глубиномер ВЕКТОР желтые кнопки,"
                    7225руб.                ",OD/090016/A-Yellow,Да,"""Вектор 100М"" - это водонепроницаемые часы для активного образа жизни.
Стиль и удобство. Часы ""Вектор 100М"" многофункциональны, практичны и невероятно надежны — эти качества, которые важны и для настоящего мужского аксессуара, и для человека, его носящего. Черный корпус и контрастные кнопки будут отлично смотреться у манжета как камуфляжного гидрокостюма, так и рубашки, добавляя эмоций в повседневную жизнь, как и само хобби, которое их породило."
Снаряжение для подводной охоты/Приборы/,https://www.batiskaf.ru/media/catalog/product/cache/2/small_image/296x296/9df78eab33525d08d6e5fb8d27136e95/d/s/dsc_1778_580l400_1_.jpg,https://www.batiskaf.ru/chasy-glubinomer-vektor-oranzhevye-knopki.html,Часы-глубиномер ВЕКТОР оранжевые кнопки,"
                    7225руб.                ",OD/090016/A-Orange,Да,"""Вектор 100М"" - это водонепроницаемые часы для активного образа жизни.
Стиль и удобство. Часы ""Вектор 100М"" многофункциональны, практичны и невероятно надежны — эти качества, которые важны и для настоящего мужского аксессуара, и для человека, его носящего. Черный корпус и контрастные кнопки будут отлично смотреться у манжета как камуфляжного гидрокостюма, так и рубашки, добавляя эмоций в повседневную жизнь, как и само хобби, которое их породило."
Снаряжение для подводной охоты/Приборы/,https://www.batiskaf.ru/media/catalog/product/cache/2/small_image/296x296/9df78eab33525d08d6e5fb8d27136e95/d/s/dsc_1775_580l400_1_.jpg,https://www.batiskaf.ru/chasy-glubinomer-vektor-sinie.html,Часы-глубиномер ВЕКТОР синие кнопки,"
                    7225руб.                ",OD/090016/A-Blue,Да,"""Вектор 100М"" - это водонепроницаемые часы для активного образа жизни.
Стиль и удобство. Часы ""Вектор 100М"" многофункциональны, практичны и невероятно надежны — эти качества, которые важны и для настоящего мужского аксессуара, и для человека, его носящего. Черный корпус и контрастные кнопки будут отлично смотреться у манжета как камуфляжного гидрокостюма, так и рубашки, добавляя эмоций в повседневную жизнь, как и само хобби, которое их породило."
Фридайвинг/Неопрен/Носки/,https://www.batiskaf.ru/media/catalog/product/cache/2/small_image/296x296/9df78eab33525d08d6e5fb8d27136e95/l/c/lc8a0978_2.jpg,https://www.batiskaf.ru/noski-polusuhie-scorpena-j-5mm.html,Носки Scorpena J 5мм полусухие,750руб.,SCO0301200,Да,"Неопреновые полусухие носки изготовлены из 5 мм мягкого и сверхэластичного неопрена со специальным покрытием изнутри - для максимального комфорта. 
"
Снаряжение для подводной охоты/Приборы/,https://www.batiskaf.ru/media/catalog/product/cache/2/small_image/296x296/9df78eab33525d08d6e5fb8d27136e95/_/m/_mg_0021_800l600_.jpg,https://www.batiskaf.ru/komp-juter-stalker.html,Компьютер Сталкер,9900руб.,SKST100,Да,"Предназначен для:подводной охоты, фридайвинга, снорклинга."
Дайвинг/Неопрен/,https://www.batiskaf.ru/media/catalog/product/cache/2/small_image/296x296/9df78eab33525d08d6e5fb8d27136e95/n/e/neo-socks.jpg,https://www.batiskaf.ru/noski-neo-3mm.html,Носки Neo 3мм,2300руб.,WS6118,Да,Носки из эластичного неопрена толщиной 3 мм.
Распродажа/Экипировка/Трубки/,https://www.batiskaf.ru/media/catalog/product/cache/2/small_image/296x296/9df78eab33525d08d6e5fb8d27136e95/i/m/imag2009.jpg,https://www.batiskaf.ru/trubka-x-team-senior.html,Трубка X-Team Senior прозрачный силикон,50руб.,DA115C0,Да,Анатомическая форма трубки изогнута для уменьшения гидродинамического сопротивления.
Дайвинг/Неопрен/Шлема/,https://www.batiskaf.ru/media/catalog/product/cache/2/small_image/296x296/9df78eab33525d08d6e5fb8d27136e95/b/a/bali-hood-2016-4.jpg,https://www.batiskaf.ru/shlem-bali-2016-3mm-muzhskoj.html,Шлем Bali 2016 3мм мужской,1680руб.,SP166159,Да,"Шлем эргономичной формы из эластичного неопрена толщиной 3 мм.
- Женская и мужская версии.
- Петелька для крепления к карабину на гидрокостюме.
- Размеры: S, M, L, XL.

"
Снаряжение для подводной охоты/Грузовые системы/Грузовые жилеты/,https://www.batiskaf.ru/media/catalog/product/cache/2/small_image/296x296/9df78eab33525d08d6e5fb8d27136e95/2/_/2_167.jpg,https://www.batiskaf.ru/sbruja-dlja-gruzov-3d-camu.html,Сбруя для грузов 3D CAMU,3025руб.,OM66,Да,Разгрузочная система в виде легкого жилета в 3-D камуфляжной версии. 
Снаряжение для подводной охоты/Грузовые системы/Грузовые жилеты/,https://www.batiskaf.ru/media/catalog/product/cache/2/small_image/296x296/9df78eab33525d08d6e5fb8d27136e95/1/_/1_909.jpg,https://www.batiskaf.ru/sbruja-dlja-gruzov.html,Сбруя для грузов,2800руб.,OM66X,Да,Предназначена для использования с 500 граммовыми грузами OMER.
Дайвинг/Неопрен/Шлема/,https://www.batiskaf.ru/media/catalog/product/cache/2/small_image/296x296/9df78eab33525d08d6e5fb8d27136e95/f/o/focea-cagoule-homme.jpg,https://www.batiskaf.ru/shlem-focea-comfort-4-man-5mm.html,Шлем Focea Comfort 4 Man 5мм,2300руб.,52314,Да,Шлем Focea Comfort 4 Man 5мм
Распродажа/Неопрен/Боты / Перчатки / Носки / Шлема/,https://www.batiskaf.ru/media/catalog/product/cache/2/small_image/296x296/9df78eab33525d08d6e5fb8d27136e95/_/6/_6_3_.jpg,https://www.batiskaf.ru/perchatki-scorpena-c-6-mm-korichnevyj.html,Перчатки Scorpena C 6мм коричневый,1320руб.,SCO1400405,Да,"Пятипалые перчатки С, выполненные из неопрена, покрытого снаружи и внутри нейлоном, замечательно справляются с обеими функциями.
"
Дайвинг/Неопрен/Шлема/,https://www.batiskaf.ru/media/catalog/product/cache/2/small_image/296x296/9df78eab33525d08d6e5fb8d27136e95/h/e/helmet_balance_comfort.jpg,https://www.batiskaf.ru/shlem-balans-komfort-2012-zhenskij.html,Шлем БАЛАНС КОМФОРТ 2012 женский,3360руб.,SP6619,Да,"Анатомический крой.
"
Распродажа/Неопрен/Боты / Перчатки / Носки / Шлема/,https://www.batiskaf.ru/media/catalog/product/cache/2/small_image/296x296/9df78eab33525d08d6e5fb8d27136e95/f/u/full_img-380-p11.jpg,https://www.batiskaf.ru/perchatki-salvimar-garda-krypsis-5mm.html,Перчатки Salvimar Garda Krypsis 5мм,1900руб.,200475,Да,"Ладонь покрыта нескользящим покрытием GSBS. Очень удобно держать ружье или рыбу в воде.
"
Фридайвинг/Неопрен/Носки/,https://www.batiskaf.ru/media/catalog/product/cache/2/small_image/296x296/9df78eab33525d08d6e5fb8d27136e95/_/8/_8_4_.jpg,https://www.batiskaf.ru/noski-scorpena-a-8mm-korichnevyj.html,Носки SCORPENA A 8мм коричневый,1500руб.,SCO0300305,Да,"Удачный крой обеспечивает удобство при надевании и использовании во время охоты.

"
Распродажа/Неопрен/Боты / Перчатки / Носки / Шлема/,https://www.batiskaf.ru/media/catalog/product/cache/2/small_image/296x296/9df78eab33525d08d6e5fb8d27136e95/n/s/ns7a4273.jpg,https://www.batiskaf.ru/noski-scorpena-d-7mm-otkrytaja-po.html,Носки Scorpena D 7мм открытая пора brown camo,1140руб.,SCO03018,Да,"Неопреновые носки Scorpena D выполнены из 7 мм неопрена с открытой порой изнутри - для максимальной теплозащиты при длительной охоте.
"
Фридайвинг/Неопрен/Носки/,https://www.batiskaf.ru/media/catalog/product/cache/2/small_image/296x296/9df78eab33525d08d6e5fb8d27136e95/l/c/lc8a1010_1_1_2.jpg,https://www.batiskaf.ru/noski-scorpena-d-5mm-otkrytaja-pora.html,Носки Scorpena D 5мм открытая пора,1600руб.,S0405,Да,"Неопреновые носки Scorpena D выполнены из 5 мм неопрена с открытой порой изнутри - для максимальной теплозащиты при длительной охоте.
"
Фридайвинг/Неопрен/Носки/,https://www.batiskaf.ru/media/catalog/product/cache/2/small_image/296x296/9df78eab33525d08d6e5fb8d27136e95/f/u/full_dsc_9351_3.jpg,https://www.batiskaf.ru/noski-salvimar-garda-krypsis-3mm.html,Носки Salvimar Garda Krypsis 3мм,1500руб.,200501,Да,"Носки Garda KRYPSIS выпускаются в толщинах 3, 5, 7 и 9 мм
Доступны размеры: S, M, L, XL и XXL.
"
Фридайвинг/Неопрен/Носки/,https://www.batiskaf.ru/media/catalog/product/cache/2/small_image/296x296/9df78eab33525d08d6e5fb8d27136e95/n/o/noski_salvimar_ht_weld_system_3_mm.jpg,https://www.batiskaf.ru/noski-salvimar-ht-weld-system-3mm.html,Носки Salvimar HT Weld System 3мм,1500руб.,200510,Да,"Носки HT Weld System 3 мм ― удобные и эластичные носки для охотников. У носков усилена подошва, что продлевает срок службы. Salvimar носки хорошо сохраняют тепло тела."
Фридайвинг/Неопрен/Носки/,https://www.batiskaf.ru/media/catalog/product/cache/2/small_image/296x296/9df78eab33525d08d6e5fb8d27136e95/n/o/noski_salvimar_ht_weld_system_3_mm_1.jpg,https://www.batiskaf.ru/noski-salvimar-ht-weld-system-5mm.html,Носки Salvimar HT Weld System 5мм,1500руб.,200520,Да,"Носки HT Weld System 5 мм ― удобные и эластичные носки для охотников. У носков усилена подошва, что продлевает срок службы. Salvimar носки хорошо сохраняют тепло тела."
Распродажа/Неопрен/Боты / Перчатки / Носки / Шлема/,https://www.batiskaf.ru/media/catalog/product/cache/2/small_image/296x296/9df78eab33525d08d6e5fb8d27136e95/1/3/1396_0.jpg,https://www.batiskaf.ru/perchatki-salvimar-ht-weld-system-5mm.html,Перчатки Salvimar HT Weld System 5мм,2100руб.,200422HT,Да,Максимальный комфорт и высокая износоустойчивость. Сверх-тянущиеся. Система HT Weld System.
Фридайвинг/Неопрен/Носки/,https://www.batiskaf.ru/media/catalog/product/cache/2/small_image/296x296/9df78eab33525d08d6e5fb8d27136e95/s/a/salvimar-new-skinwind-3.5-mm-_1_.jpg,https://www.batiskaf.ru/perchatki-salvimar-skinwind-3-5mm.html,Перчатки Salvimar SkinWind 3.5мм,1155руб.,200423,Да,"Перчатки Эргономичные внешне гладкие, усиленные ладони без царапин. Толщина: 3,5 мм"
Фридайвинг/Неопрен/Носки/,https://www.batiskaf.ru/media/catalog/product/cache/2/small_image/296x296/9df78eab33525d08d6e5fb8d27136e95/i/m/images_salvimar_salvimar-big-toe-2.5-mm.jpg,https://www.batiskaf.ru/noski-salvimar-big-toe-2mm.html,Носки Salvimar Big Toe 2мм,1500руб.,200562,Да,"Небольшая инновация в носках Salvimar - большой палец ноги; 
Salvimar утверждает, что такое решение улучшает микроциркуляцию и позволяет избежать судорог. 

Неопрен толщиной 2 мм. Размеры от S (38-40) до XXL (47-49)."
Распродажа/Неопрен/Боты / Перчатки / Носки / Шлема/,https://www.batiskaf.ru/media/catalog/product/cache/2/small_image/296x296/9df78eab33525d08d6e5fb8d27136e95/p/e/perchatki-marlin-kevtex-kupit-3-i-5-mm.jpg,https://www.batiskaf.ru/perchatki-marlin-kevtex-3mm-kevlar.html,Перчатки Marlin Kevtex 3мм кевлар,2310руб.,M00097,Да,"Кевларовые перчатки Marlin Kevtex 3 мм для подводной охоты и водных видов спорта, износостойкие из неопрена SHEICO L и наружнего нейлонового покрытия с кевларовым усилением ладони, внутри для более удобного одевания - ткань (нейлон).

Конструкция - пятипалая.
Материал - неопрен.
Толщина - 3 мм.
Наружное покрытие - нейлон, кевлар.
Внутренее покрытие - нейлон.
Наружное покрытие ладони - кевлар."
Фридайвинг/Неопрен/Носки/,https://www.batiskaf.ru/media/catalog/product/cache/2/small_image/296x296/9df78eab33525d08d6e5fb8d27136e95/p/e/perchatki-marlin-kevtex-kupit-3-i-5-mm_1.jpg,https://www.batiskaf.ru/perchatki-marlin-kevtex-5mm-kevlar.html,Перчатки Marlin Kevtex 5мм кевлар,2970руб.,M15461,Да,"Кевларовые перчатки Marlin Kevtex 5 мм для подводной охоты и водных видов спорта, износостойкие из неопрена SHEICO L и наружнего нейлонового покрытия с кевларовым усилением ладони, внутри для более удобного одевания - ткань (нейлон).

Конструкция - пятипалая.
Материал - неопрен.
Толщина - 5 мм.
Наружное покрытие - нейлон, кевлар.
Внутренее покрытие - нейлон.
Наружное покрытие ладони - кевлар."
Распродажа/Неопрен/Боты / Перчатки / Носки / Шлема/,https://www.batiskaf.ru/media/catalog/product/cache/2/small_image/296x296/9df78eab33525d08d6e5fb8d27136e95/e/d/edcc37bdfcca168add7dc8c44e5375ec.jpg,https://www.batiskaf.ru/rukavicy-whites-6mm.html,Рукавицы Whites 6мм,3900руб.,WS6119,Да,"- Неопрен повышенной плотности, обладающий особой, микропористой структурой, обеспечивает улучшенную теплозащиту и хорошую подвижность
- 6-мм неопрен по всей площади
- - Внутренняя поверхность перчаток в области ладони и пальцев имеет особое покрытие Titanium Slick Skin (TSS). TSS плотнее прилегает к коже, быстро сохнет и не впитывает неприятные запахи.
- Эргономичная форма
- Особый анатомический дизайн для уменьшения напряжения в пальцах рук
- Эластичный нейлон
- Проклеенные «сухие» швы

Размеры: S, M, L, XL, 2XL"
Распродажа/Неопрен/Боты / Перчатки / Носки / Шлема/,https://www.batiskaf.ru/media/catalog/product/cache/2/small_image/296x296/9df78eab33525d08d6e5fb8d27136e95/p/e/perchatki-trehpalye-marlin-arctic-7-mm-2.1800x1800w.jpg,https://www.batiskaf.ru/rukavicy-marlin-arctic-7mm.html,Рукавицы Marlin Arctic 7мм,2175руб.,M10832,Да,"Трехпалые перчатки Marlin Arctic (Марлин Арктик) идеальный вариант для холодной воды. Модель выполнена из эластичного неопрена фирмы Шейко толщиной 7 мм. И на ладони имеет защиту из материала Duratex. Двойная обтюрация на манжете по типу «Ласточкин Хвост», обеспечивает отличную герметичность и исключает попадание воды, как в перчатки, так и в костюм. Перчатки Arctic не дадут замерзнуть вашим рукам, хорошо сохраняют и удерживают тепло, а также защитят ваши руки от различных повреждений. Анатомический крой создает удобство, а прошитые и проклеенные швы предотвращают протекание. Внешне и внутри использован классический черный нейлон."
Распродажа/Неопрен/Боты / Перчатки / Носки / Шлема/,https://www.batiskaf.ru/media/catalog/product/cache/2/small_image/296x296/9df78eab33525d08d6e5fb8d27136e95/s/_/s_61361261788.1800x1800w.jpg,https://www.batiskaf.ru/perchatki-marlin-ultrastretch-5mm.html,Перчатки Marlin Ultrastretch 5мм,2100руб.,M000954,Да,"Перчатки Marlin Ultrastretch (Марлин Ультрастреч) сделаны из эластичного неопрена фирмы Шейко, покрытого сверхрастяжимым нейлоном ultrastretch. Анатомический крой обеспечивает плотное, но комфортное обжимание кисти, сохраняя её чувствительность при эксплуатации, предотвращая при этом циркуляцию воды и сберегая тепло. Нейлон внутри даёт возможность надевать перчатку на сухую кисть (без мыльного раствора). Прорезиненная поверхность ладоней позволяет уверенно удерживать предметы в воде.
Перчатки Marlin Ultrastretch производятся в толщине 2, 3, 5 мм.
Перчатки Marlin Ultrastretch 5 мм производятся в цветах: black, brown, green, oliva."
Распродажа/Неопрен/Боты / Перчатки / Носки / Шлема/,https://www.batiskaf.ru/media/catalog/product/cache/2/small_image/296x296/9df78eab33525d08d6e5fb8d27136e95/d/v/dvc_5660-1.1800x1800w.jpg,https://www.batiskaf.ru/perchatki-marlin-element-5mm.html,Перчатки Marlin Element 5мм,1710руб.,M15465,Да,"Перчатки Marlin Element (Марлин Элемент) изготовлены из эластичного неопрена фирмы Шейко толщиной 5 мм., с нейлоновым покрытием внутри и снаружи. Анатомический крой обеспечивает удобство при надевании и использовании перчаток, предотвращая циркуляцию воды и сберегая тепло. Полиуретановый протектор на ладони и пальцах обеспечивает не только крепкий и надежный хват, но и продлевает срок службы перчаток, увеличивая их износостойкость.
Перчатки Marlin Element производятся в толщине 3, 5 мм.
Доступные размеры: S, M, L, XL, XXL, XXXL."
Фридайвинг/Неопрен/Носки/,https://www.batiskaf.ru/media/catalog/product/cache/2/small_image/296x296/9df78eab33525d08d6e5fb8d27136e95/n/s/ns7a1630-_-kopiya.jpg,https://www.batiskaf.ru/noski-scorpena-gamma-3mm.html,Носки Scorpena Gamma 3мм,1690руб.,S0425,Да,"Носки Scorpena Gamma выполнены из неопрена, изнутри и снаружи покрытого полиэстером. Весьма простой, но очень удачный крой обеспечивает удобство при надевании и использовании как во время подводной охоты, так и любого другого вида подводной деятельности.
Подошва носков Scorpena Gamma дополнительно усилена. Кроме того, на неё нанесено защитное антипроскальзывающее покрытие в виде лаконичного орнамента. Оно не только повышает износостойкость, но и увеличивает безопасность передвижения охотника на суше.
Край носков усилен эластичной бейкой (лентой) для предотвращения повреждений при надевании/снимании.
Носки Scorpena Gamma выпускаются в толщинах 3, 5 и 7 мм и представлены размерами от XS до XXL.
"
Распродажа/Прочее/Фонари/,https://www.batiskaf.ru/media/catalog/product/cache/2/small_image/296x296/9df78eab33525d08d6e5fb8d27136e95/s/u/sunlight_c4_eled_1_1_2.jpg,https://www.batiskaf.ru/fonar-c4-eled-svetodiodnyj.html,Фонарь С4 светодиодный без батареек,5250руб.,1905,Да,"Срок службы лампы составляет более 5000 часов!
Два режима работы с полной и половинной нагрузкой позволяют увеличить время свечения фонаря почти вдвое на одном комплекте батарей;
Комплектуется 4-мя алкалиновыми батареями или аккумуляторами NiCad (NiNH);
Электронная система управления позволяет обеспечить постоянство яркости свечения на протяжении всего времени работы от аккумуляторов;
Переключатель режимов работы снабжен фиксатором для предотвращения случайного включения;
Передняя часть фонаря защищена от мелких механических повреждений резиновым кожухом;
Корпус выполнен из высокопрочных ABS пластиков и поликарбоната;
Рукоятка пистолетного типа укомплектована предохранительной петлёй на руку с резиновой накладкой"
Распродажа/Прочее/Фонари/,https://www.batiskaf.ru/media/catalog/product/cache/2/small_image/296x296/9df78eab33525d08d6e5fb8d27136e95/u/k/uk_sl6_xenon_1_2.jpg,https://www.batiskaf.ru/fonar-sl6.html,Фонарь SL6 Xenon без батареек,4275руб.,1801,Да,"Данная модель является компактным источником мощного направленного света. Корпус выполнен из ударопрочного ABC-пластика, а оголовье дополнительно защищено резиновым кожухом. Может использоваться в качестве дублирующего источника света при ночных погружениях. Легко помещается в карман компенсатора плавучести.
Мощность: 8 Вт
Лампа: ксеноновая, большой яркости
Световой поток: 201 люмен
Время работы: 4-5 часов
Батареи: 6 батареек типа С"
Распродажа/Прочее/Фонари/,https://www.batiskaf.ru/media/catalog/product/cache/2/small_image/296x296/9df78eab33525d08d6e5fb8d27136e95/u/n/underwater_kinetics_c8_eled_3.jpg,https://www.batiskaf.ru/fonar-c8-eled-svetodiodnyj.html,Фонарь UK С8 eLED без батареек,6750руб.,1952,Да,"ТЕХНИЧЕСКИЕ ХАРАКТЕРИСТИКИ:
Мощность, Вт: 10
Тип ламп: Hi LED
Световой поток, Lm: 60-170
Время работы, ч: 6-10
Батареи, шт/ тип: 8/ Alkaline C, (опция) NiMH или Nicad
Вес г: 1100
Размеры, мм: 80 х 180
Рабочая глубина, м: 150"
Распродажа/Экипировка/Комплекты/,https://www.batiskaf.ru/media/catalog/product/cache/2/small_image/296x296/9df78eab33525d08d6e5fb8d27136e95/3/0/30186.jpg,https://www.batiskaf.ru/komplekt-pluma-bag-lasty-maska-trubka-prozrachn.html,Комплект Cressi Pluma Bag ласты+маска+трубка,2800руб.,CA17903,Да,"Ласты Pluma + маска PERLA + трубка Gamma Pluma 
В модели ласт Pluma использована запатентованная система конструкции Cressi, заключающаяся применении трех различных материалов: для достижения высокой производительности, необычайно легкого веса ласты, оптимального усилия во время гребка, а также поразительного удобства. 
PERLA Маска, которая особенно хорошо подходит для фридайвинга и сноркелинга, но может использоваться и в подводном плавании с аквалангом. Двухстекольная маска с небольшим подмасочным объемом и мягкими краями обтюратора, обеспечивающими безупречное прилегание для любого типа лица. Идеальный выбор для фридайвера. Маска изготавливается из мягкого прозрачного или тёмного силикона и оснащена надежными быстрорегулируемыми пряжками, позволяющими легко менять степень натяжения крепежного ремня. 
Gamma Профилированная насадка-волноотбойник значительно уменьшает захлёстывание воды и попадание брызг сверху, не препятствуя дыханию. Быстроразъемный фиксатор для крепления к ремешку маски легко перемещается по всей длине трубки и обеспечивает идеальную регулировку положения. Внутренний эллиптический клапан обеспечивает эффективный отвод воды, позволяя быстро и без усилий очистить трубку."
Распродажа/Прочее/Фонари/,https://www.batiskaf.ru/media/catalog/product/cache/2/small_image/296x296/9df78eab33525d08d6e5fb8d27136e95/1/4/14094.jpg,https://www.batiskaf.ru/fonar-sl4-eled-bez-batareek.html,Фонарь SL4 eLED без батареек,4275руб.,8011,Да,"Малогабаритный фонарь, являющийся источником яркого света. Корпус выполнен из ударопрочного ABC-пластика, а оголовье дополнительно защищено резиновым кожухом. На торце прикреплена нейлоновая петля с резиновой вставкой. Фонарь питается от четырёх алкалиновых элементов питания типа C. Cветодиодная (eLED) лампа способна непрерывно питаться от одного комплекта батарей в течении 10-12 часов. А затем, поблекнув на 10%, он светит еще более 50 часов! Компактен и удобен при фотосъемке, для подсветки приборов и таблиц. Дает узкий мощный луч, позволяющий заглянуть в трещины или подсветить далеко расположенные объекты."
Распродажа/Прочее/Фонари/,https://www.batiskaf.ru/media/catalog/product/cache/2/small_image/296x296/9df78eab33525d08d6e5fb8d27136e95/1/4/14035.jpg,https://www.batiskaf.ru/fonar-c8-s-ksenonovoj-lampoj-bez-batareek.html,Фонарь С8 Xenon без батареек,6750руб.,1943,Да,"Подводный фонарь С8 Xenon на 8 алкалиновых или 8 аккумуляторных батареях типа С. Фонарь имеет только пистолетную рукоятку с прикреплённой к ней нейлоновой петлёй. 
Технические характеристики:
Мощность: 2x13.2 Вт 
Лампа: ксеноновая, большой яркости 
Световой поток: 245 Lm 
Время работы: 3,5-4.5 часа 
Батареи: 8 батарей типа C.

"
Распродажа/Прочее/Фонари/,https://www.batiskaf.ru/media/catalog/product/cache/2/small_image/296x296/9df78eab33525d08d6e5fb8d27136e95/8/5/859e8d978f2eae385277460dee27557c590c98dc_800x800.jpg,https://www.batiskaf.ru/light-cannon-eled.html,Фонарь Light Cannon eLED утюговая рукоятка без батареек,5250руб.,4465,Да,"РАЗМЕРЫ: 18,54 см х 18,03 см х 8,13 см
ВЕС: 1,02 кг
ТИП БАТАРЕИ: Щелочная одноразовые / Аккумуляторные
ТИП ЛАМПЫ: eLED
БАТАРЕИ: 8C щелочные / LR14 или никель-кадмиевых (обновление)
ВРЕМЯ РАБОТЫ ОТ 1ГО КОМПЛ. БАТАРЕЙ (ЩЕЛОЧНЫЕ БАТАРЕИ): 9 часов (полная мощность) / 14 часов (половина мощности)
СВЕТОВОЙ ПОТОК (ЩЕЛОЧНЫЕ БАТАРЕИ): 825 лм (полная мощность) / 530 лм (половина мощности)
ДАЛЬНОСТЬ СВЕТОВОГО ЛУЧА: 158,50 м (полная мощность) / 131,37 м (половина мощности)
СТЕПЕНЬ ЗАЩИТЫ: IP68
ГЛУБИНА: 152,40 м
ТИП ФОНАРЯ: Основной"
Распродажа/Подводная охота/Аксессуары для ружей/,https://www.batiskaf.ru/media/catalog/product/cache/2/small_image/296x296/9df78eab33525d08d6e5fb8d27136e95/1/8/1881_00_1_.jpg,https://www.batiskaf.ru/garpun-iz-nerzh-stali-dlja-cressi-sl-star.html,Гарпун для Cressi SL/Star,200руб.,FA36003,Да,"Гарпун для пневматических ружей Cressi SL/ SL Star, диаметр 8 мм, резьба М7"
Снаряжение для подводной охоты/Аксессуары к Ружьям/Втулки / Бегунки/,https://www.batiskaf.ru/media/catalog/product/cache/2/small_image/296x296/9df78eab33525d08d6e5fb8d27136e95/i/m/image_1237283909_1_.jpg,https://www.batiskaf.ru/begunok-iz-nerzhavejuschej-stali-s-fiksatorami.html,Бегунок из нержавеющей стали с фиксаторами,75руб.,1711,Да,"Бегунок из нержавеющей стали с фиксаторами, диаметры бегунков от 6 до 8 мм."
Снаряжение для подводной охоты/Аксессуары к Ружьям/Втулки / Бегунки/,https://www.batiskaf.ru/media/catalog/product/cache/2/small_image/296x296/9df78eab33525d08d6e5fb8d27136e95/i/m/image_1237283955_1_.jpg,https://www.batiskaf.ru/begunok-ocinkovannyj-s-fiksatorami.html,Бегунок оцинкованный с фиксаторами ,75руб.,17110,Да,"Бегунок оцинкованный с фиксаторами диаметром  6/6,5/7/8 мм."
Распродажа/Подводная охота/Аксессуары для ружей/,https://www.batiskaf.ru/media/catalog/product/cache/2/small_image/296x296/9df78eab33525d08d6e5fb8d27136e95/a/m/ammort1_1_.jpg,https://www.batiskaf.ru/amortizator-linja-scorpena.html,Амортизатор линя SCORPENA,90руб.,SCO15156087,Да,"Амортизатор является одной из неотъемлемых деталей ружья для подводной охоты. Он необходим для правильной укладки линя на ружье без провисания. Также амортизатор смягчает рывки подстреленной рыбы. Крупная рыба при первых рывках может порвать себя или линь и сойти. Амортизатор помогает погасить рывки, снижая, таким образом, вероятность потери добычи. Скручиванию и запутыванию линя препятствует вращающийся ветрлюжок. Для быстрого и удобного отсоединения от ружья линя с гарпуном, для замены на запасной линь с гарпуном и для снятия рыбы, простреленной насквозь, в конструкции предусмотрен карабин."
Распродажа/Подводная охота/Аксессуары для ружей/,https://www.batiskaf.ru/media/catalog/product/cache/2/small_image/296x296/9df78eab33525d08d6e5fb8d27136e95/1/3/131416798397142_1_.jpg,https://www.batiskaf.ru/tjazh-rezinovyj-k-sioux-50.html,Тяга резиновая к Sioux d13мм,300руб.,FA340006,Да,"Тяж резиновый к Sioux, 50

"
Распродажа/Подводная охота/Аксессуары для ружей/,https://www.batiskaf.ru/media/catalog/product/cache/2/small_image/296x296/9df78eab33525d08d6e5fb8d27136e95/8/3/831806_1__1.jpg,https://www.batiskaf.ru/nakonechnik-ocinkovannyj-9-mm.html,Наконечник Beuchat оцинкованный 9мм,590руб.,171200,Да,"Наконечник Beuchat оцинкованный 9мм, резьба М6"
Распродажа/Подводная охота/Аксессуары для ружей/,https://www.batiskaf.ru/media/catalog/product/cache/2/small_image/296x296/9df78eab33525d08d6e5fb8d27136e95/i/m/img_4644.jpg,https://www.batiskaf.ru/nakonechnik-ocinkovannyj-s-dvumja-shipami.html,Наконечник Beuchat оцинкованный с двумя флажками,590руб.,171210,Да,"Наконечник Beuchat оцинкованный с двумя флажками, резьба М6"
Снаряжение для подводной охоты/Аксессуары к Ружьям/Наконечники/многозубцы/,https://www.batiskaf.ru/media/catalog/product/cache/2/small_image/296x296/9df78eab33525d08d6e5fb8d27136e95/f/i/fiocine.jpg,https://www.batiskaf.ru/nakonechnik-4-zubca-omer-osnovanie-chernyj-plastik.html,Четырехзубец OMER черный пластик,700руб.,OM3705E,Да,Компания OMER была первым производителем снаряжения для подводной охоты начавшим производство многозубых наконечников для гарпунов.
Распродажа/Подводная охота/Аксессуары для ружей/,https://www.batiskaf.ru/media/catalog/product/cache/2/small_image/296x296/9df78eab33525d08d6e5fb8d27136e95/c/r/cressi_garpun_cressi_dlya_ruzhya_apache_s_rezboy_d65_12015_1_.jpg,https://www.batiskaf.ru/garpun-cressi-1500.html,Гарпун CRESSI 150см,1500руб.,CRESSI1500,Да,Гарпун CRESSI 1500
Распродажа/Подводная охота/Аксессуары для ружей/,https://www.batiskaf.ru/media/catalog/product/cache/2/small_image/296x296/9df78eab33525d08d6e5fb8d27136e95/2/0/20140327_125932___1_.jpg,https://www.batiskaf.ru/mehanizm-spuskovoj-arka.html,Механизм спусковой Arka,1560руб.,65113,Да,Механизм спусковой Arka
Распродажа/Подводная охота/Аксессуары для ружей/,https://www.batiskaf.ru/media/catalog/product/cache/2/small_image/296x296/9df78eab33525d08d6e5fb8d27136e95/6/0/60025_1_.jpg,https://www.batiskaf.ru/mehanizm-spuskovoj-marlin.html,Механизм спусковой Marlin,2570руб.,60025,Да,Механизм спусковой Marlin
Распродажа/Подводная охота/Аксессуары для ружей/,https://www.batiskaf.ru/media/catalog/product/cache/2/small_image/296x296/9df78eab33525d08d6e5fb8d27136e95/i/m/img_1177.jpg,https://www.batiskaf.ru/mehanizm-spuskovoj-mundial.html,Механизм спусковой Mundial,2500руб.,60014,Да,Механизм спусковой Mundial
Снаряжение для подводной охоты/Аксессуары к Ружьям/Зацепы/,https://www.batiskaf.ru/media/catalog/product/cache/2/small_image/296x296/9df78eab33525d08d6e5fb8d27136e95/f/r/francesi_3.jpg,https://www.batiskaf.ru/duzhka-zarjadnaja-d16mm-tip-francuzkij.html,Дужка зарядная D16мм тип французкий,995руб.,OM6502CF,Да,"Дужка зарядная D16мм тип французкий

"
Снаряжение для подводной охоты/Аксессуары к Ружьям/Зацепы/,https://www.batiskaf.ru/media/catalog/product/cache/2/small_image/296x296/9df78eab33525d08d6e5fb8d27136e95/f/r/francesi_3_1.jpg,https://www.batiskaf.ru/duzhka-zarjadnaja-d16mm-tip-francuzkij-korotkaja.html,Дужка зарядная D16мм тип французкий короткая,995руб.,OM6502CCF,Да,"Дужка зарядная D16мм тип французкий

"
Снаряжение для подводной охоты/Аксессуары к Ружьям/Зацепы/,https://www.batiskaf.ru/media/catalog/product/cache/2/small_image/296x296/9df78eab33525d08d6e5fb8d27136e95/s/f/sferiche_nuzhnoe.jpg,https://www.batiskaf.ru/duzhka-zarjadnaja-s-sharovymi-koncami.html,Дужка зарядная с шаровыми концами,420руб.,OM6500C,Да,"Зарядная дужка специальная с шаровыми концами для мерных тяже

"
Распродажа/Экипировка/Комплекты/,https://www.batiskaf.ru/media/catalog/product/cache/2/small_image/296x296/9df78eab33525d08d6e5fb8d27136e95/c/4/c4e2b389f64f9a5630dbc42b2135919e.jpg,https://www.batiskaf.ru/komplekt-salvimar-wavi-maska-trubka.html,Комплект Salvimar Wavi маска+трубка,1320руб.,WB20001,Да,"Комплект для снорклинга маска+ трубка  Salvimar Wavi
Набор Salvimar маска FRANCY и трубка TORNADO цвет голубой
ориентирован на подростковый возраст;
ультрапрочные поликарбонатные линзы;
внутренний объем средний;
быстрая удобная настройка пряжки;
анатомический загубник;"
Распродажа/Прочее/Фото / Видеотехника/,https://www.batiskaf.ru/media/catalog/product/cache/2/small_image/296x296/9df78eab33525d08d6e5fb8d27136e95/d/s/dsc00557.jpg,https://www.batiskaf.ru/perehodnik-kabelja-optikovolokon-dlja-ys-17-ys-110a.html,"Переходник кабеля оптиковолокон.для YS-17,YS-110A",60руб.,0226,Да,"Переходник кабеля оптиковолокон.для YS-17,YS-110A

"
Дайвинг/Экипировка/Сумки/Для снаряжения/,https://www.batiskaf.ru/media/catalog/product/cache/2/small_image/296x296/9df78eab33525d08d6e5fb8d27136e95/i/m/img_1643_1_1_.jpg,https://www.batiskaf.ru/sumka-damskaja-scorpena-pink-sands.html,Сумка Scorpena Pink Sands,1500руб.,SCO24029007,Да,"Сумка Scorpena Pink Sands, названная в честь знаменитого пляжа на Багамских островах создана в специальном женственном дизайне. В сумку поместятся все самые необходимые пляжные принадлежности – полотенце, маска с трубкой, небольшие ласты, крем для загара, вода, фрукты. Две удобные ручки соединяются посередине и сумку удобно как держать в руке, так и повесить на плечо, а сетчатый материал по бокам позволит содержимому просохнуть по дороге с пляжа. Для мелких вещей предусмотрен небольшой кармашек на молнии. Прочная, стильная и легкая – Scorpena Pink Sands создана для того, чтобы сделать пляжный отдых комфортным! "
Снаряжение для подводной охоты/Аксессуары к Ружьям/Наконечники/многозубцы/,https://www.batiskaf.ru/media/catalog/product/cache/2/small_image/296x296/9df78eab33525d08d6e5fb8d27136e95/9/0/905a9d1edc7b3b238a9f31bc6dbc8745.jpg,https://www.batiskaf.ru/sumka-planshet-dlja-nakonechnikov.html,Сумка Scorpena для наконечников,715руб.,SCO24031007,Да,Сумка-планшет Scorpena для наконечников
Дайвинг/Экипировка/Сумки/Для снаряжения/,https://www.batiskaf.ru/media/catalog/product/cache/2/small_image/296x296/9df78eab33525d08d6e5fb8d27136e95/l/c/lc8a2693_1_.jpg,https://www.batiskaf.ru/termosumka-scorpena-chernavka.html,Термосумка Scorpena CHERNAVKA,1090руб.,SCO24018007,Да,Практичная сумка для хранения и переноски свежедобытой рыбы и других морепродуктов.
Распродажа/Прочее/Прочее/,https://www.batiskaf.ru/media/catalog/product/cache/2/small_image/296x296/9df78eab33525d08d6e5fb8d27136e95/n/e/neoprene_straps_for_mundial_dagger.jpg,https://www.batiskaf.ru/remeshki-neoprenovye-k-mundial-dagger.html,Ремешки неопреновые к Mundial Dagger ,490руб.,141415,Да,"Ремешки неопреновые к Mundial Dagger
"
Снаряжение для подводной охоты/Прочее/,https://www.batiskaf.ru/media/catalog/product/cache/2/small_image/296x296/9df78eab33525d08d6e5fb8d27136e95/c/o/cover_carbonell_print-web.jpg,https://www.batiskaf.ru/sekrety-podvodnoj-ohoty-ot-pedro-karbonella.html,Секреты подводной охоты от Педро Карбонелла,150руб.,KN001,Да,"Уникальная книга о секретах подводной охоты от самого Педро Карбонелла!

Уникальность книги заключается не только в том, что великий спортсмен впервые поделился своими наработками мастерства, но и в том, что книга была создана специально и только для российских подводных охотников!

Книга о выдающемся спортсмене современности ― подводном охотнике Педро Карбонелле. За двадцать пять лет спортивной карьеры он более ста раз побеждал в различных соревнованиях, в том числе трижды становился чемпионом мира, четырежды Европы и восемь раз ― Испании.
"
Дайвинг/Прочее/Таблицы / Слейты/,https://www.batiskaf.ru/media/catalog/product/cache/2/small_image/296x296/9df78eab33525d08d6e5fb8d27136e95/p/n/png_20221206_082832_0000.png,https://www.batiskaf.ru/tablica-15-20-dlja-zapisej-pod-vodoj.html,Таблица 15*20 для записей под водой,190руб.,AI0427,Да,Таблица 15*20см для записей под водой
Снаряжение для подводной охоты/Экипировка/Куканы/,https://www.batiskaf.ru/media/catalog/product/cache/2/small_image/296x296/9df78eab33525d08d6e5fb8d27136e95/3/3/334c637865d04c35a3ab31ca5d3bdd49.jpg,https://www.batiskaf.ru/kukan-probe.html,Кукан Beuchat Probe,750руб.,171456,Да,"Кукан Probe изготовлен из прочной стали с износоустойчивым нейлоновым тросом длиной 135 см.
Материал: сталь, нейлон
Длина троса: 135 см
Длина шила: 16 см
Износоустойчивый нейлоновый трос
"
"Распродажа/Прочее/Уценка, брак/",https://www.batiskaf.ru/media/catalog/product/cache/2/small_image/296x296/9df78eab33525d08d6e5fb8d27136e95/1/6/1653982619928.png,https://www.batiskaf.ru/pljazhnye-tapochki-detskie-beachwalker-kids-golubye-32-33.html,Тапочки детские Beachwalker Kids голубые 32-33 УЦЕНКА,1005руб.,TN8404132,Да,"Причина уценки- небольшой надрыв в области носка на правой тапочке (см.фото)
Неопреновые тапочки для пляжа с каучуковой нескользящей прозрачной подошвой."
Распродажа/Прочее/Снаряжение б/у/,https://www.batiskaf.ru/media/catalog/product/cache/2/small_image/296x296/9df78eab33525d08d6e5fb8d27136e95/i/m/img_20230622_113706.jpg,https://www.batiskaf.ru/reguljator-scubapro-x650-mk25-bu.html,Регулятор Scubapro X650 + MK25 БУ,43900руб.,BU1009,Да,Регулятор Scubapro X650 + MK25 БУ
Распродажа/Прочее/Снаряжение б/у/,https://www.batiskaf.ru/media/catalog/product/cache/2/small_image/296x296/9df78eab33525d08d6e5fb8d27136e95/a/l/aluminium_300_lum_3.jpg,https://www.batiskaf.ru/fonar-intova-aluminium-300-ljumen-bez-batareek-bu.html,Фонарь Intova Aluminium 300 Люмен без батареек БУ,3900руб.,BU1008,Да,Фонарь Intova Aluminium 300 Люмен без батареек БУ
Распродажа/Прочее/Снаряжение б/у/,https://www.batiskaf.ru/media/catalog/product/cache/2/small_image/296x296/9df78eab33525d08d6e5fb8d27136e95/i/m/img_20230621_111319.jpg,https://www.batiskaf.ru/komplekt-oms-bu-krylo-aljuminievaja-spinka-adapter-remen.html,"Комплект OMS БУ - крыло, алюминиевая спинка, адаптер, ремень",48800руб.,BU1007,Да,"Комплект OMS БУ - крыло, алюминиевая спинка, адаптер, ремень"
Распродажа/Прочее/Снаряжение б/у/,https://www.batiskaf.ru/media/catalog/product/cache/2/small_image/296x296/9df78eab33525d08d6e5fb8d27136e95/i/m/img_20230621_112412.jpg,https://www.batiskaf.ru/nozh-saekodive-titanovyj-bu.html,Нож Saekodive титановый БУ,3900руб.,BU1006,Да,Нож Saekodive титановый БУ
Распродажа/Прочее/Снаряжение б/у/,https://www.batiskaf.ru/media/catalog/product/cache/2/small_image/296x296/9df78eab33525d08d6e5fb8d27136e95/i/m/img_20230622_113458.jpg,https://www.batiskaf.ru/storporez-bu.html,Сторпорез БУ,1890руб.,BU1014,Да,Сторпорез БУ
Распродажа/Прочее/Снаряжение б/у/,https://www.batiskaf.ru/media/catalog/product/cache/2/small_image/296x296/9df78eab33525d08d6e5fb8d27136e95/i/m/img_20230621_112444.jpg,https://www.batiskaf.ru/podsumok-oms-bu.html,Подсумок OMS БУ,6400руб.,BU1005,Да,Подсумок OMS БУ
Распродажа/Прочее/Снаряжение б/у/,https://www.batiskaf.ru/media/catalog/product/cache/2/small_image/296x296/9df78eab33525d08d6e5fb8d27136e95/i/m/img_20230621_112210.jpg,https://www.batiskaf.ru/katushka-oms-bu.html,Катушка OMS БУ,6400руб.,BU1004,Да,Катушка OMS БУ
Распродажа/Прочее/Снаряжение б/у/,https://www.batiskaf.ru/media/catalog/product/cache/2/small_image/296x296/9df78eab33525d08d6e5fb8d27136e95/i/m/img_20230622_113746.jpg,https://www.batiskaf.ru/karman-dlja-buev-oms-2-buja-bu.html,Карман для буев OMS + 2 буя БУ,7500руб.,BU1003,Да,Карман для буев OMS + 2 буя БУ
Распродажа/Прочее/Снаряжение б/у/,https://www.batiskaf.ru/media/catalog/product/cache/2/small_image/296x296/9df78eab33525d08d6e5fb8d27136e95/i/m/img_20230622_113600.jpg,https://www.batiskaf.ru/manometr-scubapro-bu.html,Манометр Scubapro БУ,7700руб.,BU1011,Да,Манометр Scubapro БУ
Распродажа/Прочее/Снаряжение б/у/,https://www.batiskaf.ru/media/catalog/product/cache/2/small_image/296x296/9df78eab33525d08d6e5fb8d27136e95/i/m/img_20230621_113137.jpg,https://www.batiskaf.ru/sumka-setchataja-bu.html,Сумка сетчатая БУ,1950руб.,BU1013,Да,Сумка сетчатая БУ
Распродажа/Прочее/Снаряжение б/у/,https://www.batiskaf.ru/media/catalog/product/cache/2/small_image/296x296/9df78eab33525d08d6e5fb8d27136e95/images/catalog/product/placeholder/small_image.jpg,https://www.batiskaf.ru/gidrokostjum-sivuch-5-mm-ml-bu.html,Гидрокостюм СИВУЧ 5 мм ML БУ,5500руб.,SV5LBU,Да,Гидрокостюм СИВУЧ 5 мм ML БУ
Распродажа/Прочее/Снаряжение б/у/,https://www.batiskaf.ru/media/catalog/product/cache/2/small_image/296x296/9df78eab33525d08d6e5fb8d27136e95/i/m/img_20230621_113600.jpg,https://www.batiskaf.ru/lasty-beuchat-mundial-one-50-45-46-bu.html,Ласты Beuchat Mundial One 50 45/46 БУ,3900руб.,154265BU,Да,Ласты Beuchat Mundial One 50 45/46 БУ
Распродажа/Прочее/Снаряжение б/у/,https://www.batiskaf.ru/media/catalog/product/cache/2/small_image/296x296/9df78eab33525d08d6e5fb8d27136e95/i/m/img_20230628_211947.jpg,https://www.batiskaf.ru/maska-maxlux-s-chernaja-bu.html,Маска Maxlux S черная БУ,2500руб.,151283BU,Да,Маска Maxlux S черная БУ
Распродажа/Прочее/Снаряжение б/у/,https://www.batiskaf.ru/media/catalog/product/cache/2/small_image/296x296/9df78eab33525d08d6e5fb8d27136e95/i/m/img_20230622_113812.jpg,https://www.batiskaf.ru/ruzh-jo-pnevmaticheskoe-scorpena-v-50sm-bu-aksessuary.html,Ружьё пневматическое Scorpena V 50см БУ+аксессуары,9990руб.,SCO33005002BU,Да,Ружьё пневматическое Scorpena V 50см БУ+аксессуары
Распродажа/Прочее/Снаряжение б/у/,https://www.batiskaf.ru/media/catalog/product/cache/2/small_image/296x296/9df78eab33525d08d6e5fb8d27136e95/i/m/img_20230628_212141.jpg,https://www.batiskaf.ru/trubka-activa-tubair-bu-bez-krepezha.html,Трубка Activa Tubair БУ без крепежа,900руб.,152409BU,Да,Трубка Activa Tubair БУ без крепежа
Распродажа/Прочее/Снаряжение б/у/,https://www.batiskaf.ru/media/catalog/product/cache/2/small_image/296x296/9df78eab33525d08d6e5fb8d27136e95/i/m/img_20230622_113831.jpg,https://www.batiskaf.ru/kukan-v-opletke-s-fiksaciej-bu.html,Кукан в оплетке с фиксацией БУ,300руб.,SCO19116087BU,Да,Кукан в оплетке с фиксацией БУ
Распродажа/Прочее/Снаряжение б/у/,https://www.batiskaf.ru/media/catalog/product/cache/2/small_image/296x296/9df78eab33525d08d6e5fb8d27136e95/i/m/img_20230621_112141.jpg,https://www.batiskaf.ru/kompensator-zeagle-zena-m.html,Компенсатор Zeagle Zena женский M,9100руб.,BU1016,Да,Компенсатор Zeagle Zena M
Распродажа/Подводная охота/Гидрокостюмы для охоты/,https://www.batiskaf.ru/media/catalog/product/cache/2/small_image/296x296/9df78eab33525d08d6e5fb8d27136e95/n/s/ns7a3912_1.jpg,https://www.batiskaf.ru/gidrokostjum-dlja-podvodnoj-ohoty-scorpena-b3-3mm-sinij-16379.html,Гидрокостюм Scorpena B3+ 3мм зеленый,7200руб.,SCO1903914,Нет,"В новых гидрокостюмах Scorpena В3+ была применена 2-х цветная схема окраски, в основу которой был положен принцип разбиения силуэта охотника на различные по размеру части. Этот принцип получил широкое распространение в костюмах ""Горка"".
"
Распродажа/Экипировка/Ласты/,https://www.batiskaf.ru/media/catalog/product/cache/2/small_image/296x296/9df78eab33525d08d6e5fb8d27136e95/i/m/img_20221018_150038.jpg,https://www.batiskaf.ru/lasty-mundial-competition-korichnevye.html,Ласты для подводной охоты Beuchat Mundial Competition коричневые,7540руб.,1547,Нет,"Ласты Mundial Competition,  коричневые"
Распродажа/Подводная охота/Гидрокостюмы для охоты/,https://www.batiskaf.ru/media/catalog/product/cache/2/small_image/296x296/9df78eab33525d08d6e5fb8d27136e95/b/e/beuchat-eseq-11_1__1.jpg,https://www.batiskaf.ru/gidrokostjum-dlja-podvodnoj-ohoty-espadon-equipe-3mm.html,Гидрокостюм Beuchat Espadon Equipe 3мм,12060руб.,60030,Нет,"Новинка 2014 года, гидрокостюм BEUCHAT Espadon Equipe пришел на замену модели-бестселлеру Mundial Equipe, взяв от своего предшественника самые лучшие характеристики и добавив к ним еще более усовершенствованный крой (состоит из 21+12 деталей!) и новый динамичный дизайн.
"
Распродажа/Подводная охота/Гидрокостюмы для охоты/,https://www.batiskaf.ru/media/catalog/product/cache/2/small_image/296x296/9df78eab33525d08d6e5fb8d27136e95/b/3/b3blue_2__1.jpg,https://www.batiskaf.ru/gidrokostjum-dlja-podvodnoj-ohoty-scorpena-b3-3mm-sinij.html,Гидрокостюм Scorpena B3 3мм синий,11250руб.,SCO1902416,Нет,"НОВИНКА 2017 года!
"
Распродажа/Экипировка/Ласты/,https://www.batiskaf.ru/media/catalog/product/cache/2/small_image/296x296/9df78eab33525d08d6e5fb8d27136e95/s/a/salvimar-tyurn-151-lastyi.png,https://www.batiskaf.ru/lasty-salvimar-next-camo-23703.html,Ласты Salvimar Turn 151,5000руб.,600100,Нет,"Ласты Salvimar Turn 151 для подводной охоты и фридайвинга, с закрытой пяткой, разборные. 
Особенности:
Лёгкие и эффективные.
Предназначение — подводная охота, фридайвинг
Длина — 103 см
Материал лопасти — полипропилен
Материал калоши — каучук
Размеры калоши — от 38-40 до 47-49
Максимальный размер ноги, с носком 7 мм — 45
Производство — Италия"
Распродажа/Подводная охота/Гидрокостюмы для охоты/,https://www.batiskaf.ru/media/catalog/product/cache/2/small_image/296x296/9df78eab33525d08d6e5fb8d27136e95/g/i/gidrokostyum-seac-sub-race-flex-comfort-9mm_1__1.jpg,https://www.batiskaf.ru/gidrokostjum-dlja-podvodnoj-ohoty-seacsub-race-comfort-7mm.html,Гидрокостюм SeacSub RACE COMFORT 7мм,9900руб.,0010082003,Нет,Гидрокостюм для подводной охоты SeacSub RACE COMFORT 7мм
Распродажа/Экипировка/Маски / Очки/,https://www.batiskaf.ru/media/catalog/product/cache/2/small_image/296x296/9df78eab33525d08d6e5fb8d27136e95/m/a/maska-cressi-sub-penta-prozrachno-oranzhevaya.jpg,https://www.batiskaf.ru/maska-penta.html,Маска Cressi Penta прозрачный силикон,3000руб.,DS3210,Нет,"Маска предлагает беспрецедентную периферийную видимость и большую яркость для полного и безупречного обзора.
Маска имеет незначительный внутренний объем, и рекордно легкий вес - всего 175 г, новую форму чрезвычайно удобную форму обтюратора с исключительными прилеганием, и сверхпрочными застежками, которые составляют с корпусом единое целое, что делает маску очень легкой.
Вес: 175 гр."
Распродажа/Экипировка/Маски / Очки/,https://www.batiskaf.ru/media/catalog/product/cache/2/small_image/296x296/9df78eab33525d08d6e5fb8d27136e95/b/e/beuchat_masks_oceo_1_1_1_1_1_1.jpg,https://www.batiskaf.ru/maska-oceo-senior.html,Маска Oceo Senior прозрачный силикон,1950руб.,1512,Нет,"Недорогая одностекольная маска. Фланец выполнен из прозрачного или тёмного силикона, и имеет больший размер чем у маски Oceo Junior. Обойма изготовлена из ударопрочной пластмассы. Закалённое стекло отличается большой прочностью и устойчивостью к износу (царапинам)."
Распродажа/Экипировка/Маски / Очки/,https://www.batiskaf.ru/media/catalog/product/cache/2/small_image/296x296/9df78eab33525d08d6e5fb8d27136e95/8/3/831670_1_.jpg,https://www.batiskaf.ru/maska-micro-max-zerkal-nyj-chjornyj.html,Маска MicroMax зеркальные линзы черный силикон,2990руб.,153609,Нет,"Компания Beuchat представляет маску Micromax. Маска обладает небольшим подмасочным пространством и удобным обтюратором, имеет новый стильный дизайн и занимает достойное место в коллекции Beuchat."
Распродажа/Подводная охота/Ружья/,https://www.batiskaf.ru/media/catalog/product/cache/2/small_image/296x296/9df78eab33525d08d6e5fb8d27136e95/s/c/scorpena-v-plus-85-1.jpg,https://www.batiskaf.ru/ruzh-jo-pnevmaticheskoe-scorpena-v-s-reguljatorom.html,Ружьё пневматическое Scorpena V+ с регулятором,8700руб.,SCO3300600,Нет,"Модель Scorpena V+ оснащена встроенным регулятором боя, который позволяет легко управлять силой выстрела в зависимости от ситуации на охоте."
Распродажа/Подводная охота/Ружья/,https://www.batiskaf.ru/media/catalog/product/cache/2/small_image/296x296/9df78eab33525d08d6e5fb8d27136e95/_/p/_pro_70_1.png,https://www.batiskaf.ru/ruzh-e-pnevmaticheskoe-ataka-pro-50-rukojatka-2-3.html,Ружье пневматическое Атака Pro 50см рукоятка 2/3,8580руб.,A0116,Нет,"Пневматическое ружьё Атака для подводной охоты от самарских производителей. 
В комплекте:
Ружье Атака
Гарпун 8 мм с резьбой М7
Наконечник + бегунок
Линь 4 метра
Заряжалка из алюминий магниевого сплава АМГ6
Насос
Инструкция
Чехол"
Распродажа/Экипировка/Трубки/,https://www.batiskaf.ru/media/catalog/product/cache/2/small_image/296x296/9df78eab33525d08d6e5fb8d27136e95/m/e/mexico_arancio_1_.jpg,https://www.batiskaf.ru/trubka-mexico.html,Трубка Cressi Mexico,990руб.,EG2690,Нет,"Большая гибкая профилированная секция обеспечивает удобную подгонку трубки.
Волноотбойник в верхней части трубки минимизирует попадание воды при волнении на поверхности.
Загубник изготовлен из силикона."
Распродажа/Экипировка/Трубки/,https://www.batiskaf.ru/media/catalog/product/cache/2/small_image/296x296/9df78eab33525d08d6e5fb8d27136e95/c/l/classic-chernaya_1_.jpg,https://www.batiskaf.ru/trubka-classic-chernyj-silikon.html,Трубка Aquadiscovery Classic черный силикон,750руб.,SB37-AQD370022,Нет,"Классическая трубка для подводного плавания.
"
Распродажа/Неопрен/Боты / Перчатки / Носки / Шлема/,https://www.batiskaf.ru/media/catalog/product/cache/2/small_image/296x296/9df78eab33525d08d6e5fb8d27136e95/0/7/0758_3_v01_c01_s_5b580l400_5d_1_.jpg,https://www.batiskaf.ru/perchatki-ultraspan-5-mm.html,Перчатки Cressi ULTRASPAN 5мм,1800руб.,LX47630,Нет,"Пятипалые перчатки, в которых объединяется гибкость новых материалов с износостойкостью предыдущих моделей.
Эти перчатки идеально подходят для погружения в холодной воде, учитывая их высокие теплоизоляционные свойства. Комбинация неопрена с различными свойствами обеспечивают плотное прилегание к руке, гибкость и изосостойкость на пальцах."
Распродажа/Прочее/Приборы/,https://www.batiskaf.ru/media/catalog/product/cache/2/small_image/296x296/9df78eab33525d08d6e5fb8d27136e95/3/2/32f019fba1f304b2822918bb9af554e8.jpg,https://www.batiskaf.ru/pribor-podvodnogo-ohotnika-i-fridajvera-sp2.html,Прибор подводного охотника и фридайвера SP2,21000руб.,SBSPPC010002,Нет,"Компьютер подводного охотника и фридайвера SP 2 Sporasub.
Sporasub SP2 – идеальный прибор для подводной охоты и фридайвинга.
SP-2 – прибор нового поколения идеально сочетающий в себе стиль и функциональность. Ваш надежный спутник как во время погружений так и наземных тренировок."
Дайвинг/Плавучесть/,https://www.batiskaf.ru/media/catalog/product/cache/2/small_image/296x296/9df78eab33525d08d6e5fb8d27136e95/2/0/2018-08-21_16_21_07_6ec0a2b04260d9c7.png,https://www.batiskaf.ru/pojas-gruzovoj-monopren-marseillaise-zheltyj.html,Пояс грузовой монопрен Marseillaise желтый,2520руб.,OMUPAC002,Нет,Грузовой пояс OMER Marseillese подходит для подводной охоты и дайвинга.
Фридайвинг/Неопрен/Носки/,https://www.batiskaf.ru/media/catalog/product/cache/2/small_image/296x296/9df78eab33525d08d6e5fb8d27136e95/f/u/full_dsc_9351.jpg,https://www.batiskaf.ru/noski-salvimar-krypsis-5mm.html,Носки Salvimar Krypsis 5мм,1800руб.,200502,Нет,"Носки Garda KRYPSIS выпускаются в толщинах 3, 5, 7 и 9 мм
Доступны размеры: S, M, L, XL и XXL."
Фридайвинг/Неопрен/Носки/,https://www.batiskaf.ru/media/catalog/product/cache/2/small_image/296x296/9df78eab33525d08d6e5fb8d27136e95/_/2/_2__1_2.jpg,https://www.batiskaf.ru/noski-scorpena-c-5mm-zeljonyj.html,Носки SCORPENA C 5мм зелёный открытая пора,1095руб.,SCO0300404,Нет,"Носки SCORPENA C созданы для тех, кто не привык к компромиссам, и всегда выбирает самое лучшее и качественное. Они выполнены из неопрена, снаружи покрытым нейлоном, а внутри открытая пора. 
"
Распродажа/Неопрен/Боты / Перчатки / Носки / Шлема/,https://www.batiskaf.ru/media/catalog/product/cache/2/small_image/296x296/9df78eab33525d08d6e5fb8d27136e95/d/b/db00ea88-afeb-448f-89ee-eed4a1cdfa0f-1200x800_1.jpg,https://www.batiskaf.ru/perchatki-cressi-highstretch-3-5mm.html,Перчатки Cressi HighStretch 3.5мм,1500руб.,LX47580,Нет,Перчатки Cressi Sub High Stretch 5 мм - неопреновые перчатки для подводной охоты. Внутри нейлон. Снаружи нескользящее покрытие. Очень мягкие и удобные.
Фридайвинг/Неопрен/Носки/,https://www.batiskaf.ru/media/catalog/product/cache/2/small_image/296x296/9df78eab33525d08d6e5fb8d27136e95/n/o/noski_salvimar_skinwind_3_5mm.jpg,https://www.batiskaf.ru/noski-salvimar-skinwind-3-5mm.html,Носки Salvimar SkinWind 3.5мм,1155руб.,200512,Нет,"Носки для подводной охоты гладкие снаружи, усиленная подошва.
S - 38/40		
M - 41/42	
L - 43/44	
XL - 45/46		
XXL - 47/49"
Распродажа/Неопрен/Боты / Перчатки / Носки / Шлема/,https://www.batiskaf.ru/media/catalog/product/cache/2/small_image/296x296/9df78eab33525d08d6e5fb8d27136e95/p/e/perchatki_salvimar_ht_weld_system_1_5_mm.jpg,https://www.batiskaf.ru/perchatki-salvimar-ht-weld-system-1-5mm.html,Перчатки Salvimar HT Weld System 1.5мм,1500руб.,200403HT,Нет,Максимальный комфорт и высокая износоустойчивость. Сверх-тянущиеся. Система HT Weld System.
Распродажа/Неопрен/Боты / Перчатки / Носки / Шлема/,https://www.batiskaf.ru/media/catalog/product/cache/2/small_image/296x296/9df78eab33525d08d6e5fb8d27136e95/p/e/perchatki_salvimar_ht_weld_system_1_5_mm_1.jpg,https://www.batiskaf.ru/perchatki-salvimar-ht-weld-system-3mm.html,Перчатки Salvimar HT Weld System 3мм,1500руб.,200411HT,Нет,Максимальный комфорт и высокая износоустойчивость. Сверх-тянущиеся. Система HT Weld System.
Снаряжение для подводной охоты/Аксессуары к Ружьям/Втулки / Бегунки/,https://www.batiskaf.ru/media/catalog/product/cache/2/small_image/296x296/9df78eab33525d08d6e5fb8d27136e95/i/m/image_1237283977_1_.jpg,https://www.batiskaf.ru/begunok-plastikovyj-7-mm.html,Бегунок пластиковый 7мм 4шт.,450руб.,171100,Нет,Бегунок пластиковый 7 мм - в упаковке 4шт.
Распродажа/Экипировка/Комплекты/,https://www.batiskaf.ru/media/catalog/product/cache/2/small_image/296x296/9df78eab33525d08d6e5fb8d27136e95/1/0/10158391.jpg,https://www.batiskaf.ru/komplekt-oceo-junior.html,Комплект Beuchat Oceo Junior,1320руб.,10111,Нет,Комплект для снорклинга Beuchat - маска Oceo + трубка Oceo
Снаряжение для подводной охоты/Аксессуары/Для Фонарей/,https://www.batiskaf.ru/media/catalog/product/cache/2/small_image/296x296/9df78eab33525d08d6e5fb8d27136e95/p/h/phpthumb_generated_thumbnail11_1_2.jpg,https://www.batiskaf.ru/chehol-dlja-fonarja-niteize-lite-holster-stretch.html,Чехол для фонаря NiteIze,400руб.,LHS-03,Нет,"Благодаря наличию двухсторонних карманов, выполненных из упругого и прочного спец. нейлона, чехол Nite Ize Lite Holster Stretch позволяет надежно и бережно хранить различные виды фонарей с размером элемента питания от ААА (R3) до D (R14)."
Снаряжение для подводной охоты/Аксессуары к Ружьям/Наконечники/многозубцы/,https://www.batiskaf.ru/media/catalog/product/cache/2/small_image/296x296/9df78eab33525d08d6e5fb8d27136e95/f/i/fiocine_2.jpg,https://www.batiskaf.ru/nakonechnik-4-zubca-mustad-zelenyj-plastik.html,Четырехзубец Mustad зеленый пластик,700руб.,OM3705,Нет,Компания OMER была первым производителем снаряжения для подводной охоты начавшим производство многозубых наконечников для гарпунов.
Снаряжение для подводной охоты/Аксессуары к Ружьям/Наконечники/многозубцы/,https://www.batiskaf.ru/media/catalog/product/cache/2/small_image/296x296/9df78eab33525d08d6e5fb8d27136e95/e/1/e171a672-ce29-11e4-a68a-448a5bba0b94_c0faf98d-edd7-11e6-86eb-448a5bba0b94-500x500.jpg,https://www.batiskaf.ru/nakonechnik-5-zubcov-omer-osnovanie-chernyj-plastik.html,Пятизубец Omer черный пластик,940руб.,OM3706E,Нет,Компания OMER была первым производителем снаряжения для подводной охоты начавшим производство многозубых наконечников для гарпунов.
Снаряжение для подводной охоты/Аксессуары к Ружьям/Наконечники/многозубцы/,https://www.batiskaf.ru/media/catalog/product/cache/2/small_image/296x296/9df78eab33525d08d6e5fb8d27136e95/n/a/nakonechnik-5-zubtsov-omer-mustad-osnovanie-zelenyy-plastik.jpg,https://www.batiskaf.ru/nakonechnik-5-zubcov-mustad-osnovanie-zelenyj-plastik.html,Пятизубец Mustad зеленый пластик,840руб.,OM3705V,Нет,Компания OMER была первым производителем снаряжения для подводной охоты начавшим производство многозубых наконечников для гарпунов.
Снаряжение для подводной охоты/Аксессуары к Ружьям/Наконечники/многозубцы/,https://www.batiskaf.ru/media/catalog/product/cache/2/small_image/296x296/9df78eab33525d08d6e5fb8d27136e95/f/i/file_5_13.jpg,https://www.batiskaf.ru/pjatizubec-mustad-krasnyj-plastik.html,Пятизубец Mustad красный пластик,850руб.,OMTM0010R5,Нет,Компания OMER была первым производителем снаряжения для подводной охоты начавшим производство многозубых наконечников для гарпунов.
Распродажа/Экипировка/Комплекты/,https://www.batiskaf.ru/media/catalog/product/cache/2/small_image/296x296/9df78eab33525d08d6e5fb8d27136e95/3/2/32-1.jpg,https://www.batiskaf.ru/komplekt-beuchat-oceo-junior.html,Комплект Beuchat Oceo Junior,2100руб.,10022,Нет,Комплект для снорклинга Beuchat - ласты+маска+трубка
Снаряжение для подводной охоты/Аксессуары к Ружьям/Наконечники/многозубцы/,https://www.batiskaf.ru/media/catalog/product/cache/2/small_image/296x296/9df78eab33525d08d6e5fb8d27136e95/2/0/20230117_132041_0000.png,https://www.batiskaf.ru/trezubec-mustad-krasnyj-plastik.html,Трезубец Mustad красный пластик,850руб.,OMTM0010R3,Нет,Компания OMER была первым производителем снаряжения для подводной охоты начавшим производство многозубых наконечников для гарпунов.
Распродажа/Прочее/Фонари/,https://www.batiskaf.ru/media/catalog/product/cache/2/small_image/296x296/9df78eab33525d08d6e5fb8d27136e95/1/4/14094_1.jpg,https://www.batiskaf.ru/fonar-sl4-xenon-bez-batareek.html,Фонарь SL4 Xenon без батареек,4275руб.,8004,Нет,"Малогабаритный фонарь, являющийся источником яркого света. Корпус выполнен из ударопрочного ABC-пластика, а оголовье дополнительно защищено резиновым кожухом. На торце прикреплена нейлоновая петля с резиновой вставкой. Компактен и удобен при фотосъемке, для подсветки приборов и таблиц. Дает узкий мощный луч, позволяющий заглянуть в трещины или подсветить далеко расположенные объекты.
Мощность: 5.5 Вт
Лампа: ксеноновая, большой яркости
Световой поток: 113 Lm
Время работы: 4-5 часов
Батареи: 4 батареи типа C"
Дайвинг/Экипировка/Сумки/Для снаряжения/,https://www.batiskaf.ru/media/catalog/product/cache/2/small_image/296x296/9df78eab33525d08d6e5fb8d27136e95/d/s/dsc02663_1_1_.jpg,https://www.batiskaf.ru/sumka-palubnaja-svir.html,Сумка Scorpena Svir 60л,1800руб.,SCO24012007,Нет,"Сумка ""палубная"" названа в честь большой реки Свирь на северо-востоке Ленинградской области.
Эта дорожная водозащитная сумка специально разработана для подвохов использующих надувные лодки, мотоботы или катера. Сумка выполнена из водонепроницаемого материала, имеет одно отделение объёмом 60 л и предназначена для транспортировки сменной или теплой одежды, продовольствия, аптечки, телефона или рации, GPS, ключей от машины, документов на катер и т.п. "
Дайвинг/Экипировка/Сумки/Для снаряжения/,https://www.batiskaf.ru/media/catalog/product/cache/2/small_image/296x296/9df78eab33525d08d6e5fb8d27136e95/l/c/lc8a5692_1_.jpg,https://www.batiskaf.ru/sumka-dorozhnaja-scorpena-red-line-baggage.html,Сумка Scorpena Baggage,1800руб.,SCO24021007,Нет,Эта вместительная дорожная сумка состоит из одного большого отделения и нескольких объёмных накладных карманов.
Распродажа/Прочее/Снаряжение б/у/,https://www.batiskaf.ru/media/catalog/product/cache/2/small_image/296x296/9df78eab33525d08d6e5fb8d27136e95/i/m/img_20230622_113644.jpg,https://www.batiskaf.ru/reguljator-scubapro-s600-mk25-bu.html,Регулятор Scubapro S600 + MK25 БУ,13500руб.,BU1010,Нет,Регулятор Scubapro S600 + MK25 БУ
